id,age,gender,hand,phase,block,modality,ntrial,v_pred,v_leading,v_trailing,a_pred,a_leading,a_trailing,catch,target,resp,RT,correct,diff
S17,19,Mujer,derecha,0,0,visual,0,EXP,90.0,135.0,EXP,1600.0,100.0,1.0,0.0,catch,0.7337921000435017,1,
S17,19,Mujer,derecha,0,0,visual,1,EXP,90.0,135.0,EXP,1600.0,100.0,0.0,0.0,normal,0.3790094000287354,1,
S17,19,Mujer,derecha,0,0,visual,2,EXP,90.0,135.0,EXP,1600.0,100.0,0.0,0.0,normal,0.5995920999557711,1,
S17,19,Mujer,derecha,0,0,visual,3,EXP,90.0,135.0,VP,1600.0,160.0,0.0,0.0,normal,0.551763600029517,1,
S17,19,Mujer,derecha,0,0,visual,4,EXP,0.0,45.0,EXP,1600.0,100.0,1.0,0.0,catch,0.3745372000266798,1,
S17,19,Mujer,derecha,0,0,visual,5,EXP,90.0,135.0,EXP,1000.0,160.0,0.0,0.0,normal,0.322485200013034,1,
S17,19,Mujer,derecha,0,0,visual,6,EXP,90.0,135.0,EXP,1600.0,100.0,0.0,0.0,normal,0.1046784999780356,1,
S17,19,Mujer,derecha,0,0,visual,7,EXP,90.0,135.0,EXP,1600.0,100.0,0.0,0.0,normal,0.2848082999698818,1,
S17,19,Mujer,derecha,0,0,visual,8,EXP,0.0,45.0,VP,1000.0,100.0,0.0,0.0,normal,0.1872159999911673,1,
S17,19,Mujer,derecha,0,0,visual,9,EXP,0.0,45.0,EXP,1000.0,160.0,0.0,0.0,normal,0.3107614000327885,1,
S17,19,Mujer,derecha,0,0,visual,10,EXP,90.0,135.0,EXP,1600.0,100.0,0.0,0.0,normal,0.1112793000065721,1,
S17,19,Mujer,derecha,0,0,visual,11,EXP,90.0,135.0,EXP,1000.0,160.0,0.0,0.0,normal,0.2066975000197999,1,
S17,19,Mujer,derecha,0,0,visual,12,EXP,0.0,45.0,EXP,1600.0,100.0,0.0,0.0,normal,0.4852725000237115,1,
S17,19,Mujer,derecha,0,0,visual,13,EXP,0.0,45.0,EXP,1000.0,160.0,1.0,0.0,catch,0.2622945999610238,1,
S17,19,Mujer,derecha,0,0,visual,14,VP,0.0,135.0,EXP,1600.0,100.0,0.0,0.0,normal,0.4019291999866254,1,
S17,19,Mujer,derecha,0,0,visual,15,VP,90.0,45.0,EXP,1000.0,160.0,0.0,0.0,normal,0.2283536999602802,1,
S17,19,Mujer,derecha,0,0,visual,16,EXP,0.0,45.0,EXP,1000.0,160.0,0.0,0.0,normal,0.1875115999719128,1,
S17,19,Mujer,derecha,0,0,visual,17,EXP,0.0,45.0,EXP,1600.0,100.0,0.0,0.0,normal,0.1808482999913394,1,
S17,19,Mujer,derecha,0,0,visual,18,EXP,0.0,45.0,EXP,1000.0,160.0,0.0,0.0,normal,0.267271900025662,1,
S17,19,Mujer,derecha,0,0,visual,19,VP,0.0,135.0,VP,1600.0,160.0,0.0,0.0,normal,0.3008336999919265,1,
S17,19,Mujer,derecha,0,0,visual,20,EXP,0.0,45.0,EXP,1600.0,100.0,0.0,0.0,normal,0.1613594000227749,1,
S17,19,Mujer,derecha,0,0,visual,21,VP,90.0,45.0,EXP,1600.0,100.0,0.0,0.0,normal,0.0646774999913759,1,
S17,19,Mujer,derecha,0,0,visual,22,EXP,90.0,135.0,EXP,1000.0,160.0,0.0,0.0,normal,0.2142477000015787,1,
S17,19,Mujer,derecha,0,0,visual,23,EXP,0.0,45.0,EXP,1000.0,160.0,2.0,0.0,catch,0.2380054999957792,1,
S17,19,Mujer,derecha,0,0,visual,24,EXP,90.0,135.0,EXP,1000.0,160.0,1.0,0.0,catch,0.2454303000122308,1,
S17,19,Mujer,derecha,0,0,visual,25,EXP,0.0,45.0,EXP,1600.0,100.0,0.0,0.0,normal,0.1823671000311151,1,
S17,19,Mujer,derecha,0,0,visual,26,EXP,90.0,135.0,EXP,1000.0,160.0,0.0,0.0,normal,0.2927199000259861,1,
S17,19,Mujer,derecha,0,0,visual,27,EXP,0.0,45.0,EXP,1600.0,100.0,0.0,0.0,normal,0.7566834000172094,1,
S17,19,Mujer,derecha,0,0,visual,28,EXP,0.0,45.0,VP,1600.0,160.0,0.0,0.0,normal,0.1774209000286646,1,
S17,19,Mujer,derecha,0,0,visual,29,EXP,90.0,135.0,EXP,1000.0,160.0,2.0,0.0,catch,0.127161199983675,1,
S17,19,Mujer,derecha,0,0,visual,30,EXP,90.0,135.0,EXP,1600.0,100.0,2.0,0.0,catch,0.1583316000178456,1,
S17,19,Mujer,derecha,0,0,visual,31,VP,90.0,45.0,VP,1600.0,160.0,0.0,0.0,normal,0.1727071999921463,1,
S17,19,Mujer,derecha,0,0,visual,32,EXP,90.0,135.0,EXP,1000.0,160.0,0.0,0.0,normal,0.1663630999973975,1,
S17,19,Mujer,derecha,0,0,visual,33,EXP,90.0,135.0,VP,1000.0,100.0,0.0,0.0,normal,0.1200814000330865,1,
S17,19,Mujer,derecha,0,0,visual,34,VP,0.0,135.0,VP,1000.0,100.0,0.0,0.0,normal,0.0439002999919466,1,
S17,19,Mujer,derecha,0,0,visual,35,EXP,0.0,45.0,EXP,1000.0,160.0,0.0,0.0,normal,0.017073499970138,1,
S17,19,Mujer,derecha,0,0,visual,36,VP,0.0,135.0,EXP,1000.0,160.0,0.0,0.0,normal,0.0895138999912887,1,
S17,19,Mujer,derecha,0,0,visual,37,EXP,0.0,45.0,EXP,1600.0,100.0,2.0,0.0,catch,0.1998840000014752,1,
S17,19,Mujer,derecha,0,0,visual,38,VP,90.0,45.0,VP,1000.0,100.0,0.0,0.0,normal,0.2705954000120982,1,
S17,19,Mujer,derecha,0,0,visual,39,EXP,0.0,45.0,EXP,1000.0,160.0,0.0,0.0,normal,0.0651666999910958,1,
S17,19,Mujer,derecha,0,1,visual,0,EXP,0.0,45.0,EXP,1000.0,160.0,0.0,0.0,normal,0.2248296999605372,1,
S17,19,Mujer,derecha,0,1,visual,1,VP,0.0,135.0,EXP,1600.0,100.0,0.0,0.0,normal,0.1537672000122256,1,
S17,19,Mujer,derecha,0,1,visual,2,EXP,0.0,45.0,EXP,1600.0,100.0,0.0,0.0,normal,0.0442258000257425,1,
S17,19,Mujer,derecha,0,1,visual,3,EXP,0.0,45.0,EXP,1000.0,160.0,0.0,0.0,normal,0.0538452999899163,1,
S17,19,Mujer,derecha,0,1,visual,4,EXP,0.0,45.0,EXP,1600.0,100.0,2.0,0.0,catch,0.1007807999849319,1,
S17,19,Mujer,derecha,0,1,visual,5,EXP,0.0,45.0,EXP,1600.0,100.0,0.0,0.0,normal,0.2729977000271901,1,
S17,19,Mujer,derecha,0,1,visual,6,EXP,90.0,135.0,EXP,1000.0,160.0,0.0,0.0,normal,0.826171200023964,1,
S17,19,Mujer,derecha,0,1,visual,7,EXP,0.0,45.0,EXP,1600.0,100.0,1.0,0.0,catch,0.297130000020843,1,
S17,19,Mujer,derecha,0,1,visual,8,EXP,90.0,135.0,EXP,1600.0,100.0,0.0,0.0,normal,0.0819785000057891,1,
S17,19,Mujer,derecha,0,1,visual,9,EXP,0.0,45.0,VP,1600.0,160.0,0.0,0.0,normal,0.4949710000073537,1,
S17,19,Mujer,derecha,0,1,visual,10,EXP,0.0,45.0,EXP,1000.0,160.0,0.0,0.0,normal,0.0280372999841347,1,
S17,19,Mujer,derecha,0,1,visual,11,EXP,0.0,45.0,EXP,1600.0,100.0,0.0,0.0,normal,0.0701926000183448,1,
S17,19,Mujer,derecha,0,1,visual,12,EXP,0.0,45.0,EXP,1000.0,160.0,0.0,0.0,normal,3.4062523000175133,1,
S17,19,Mujer,derecha,0,1,visual,13,VP,90.0,45.0,EXP,1600.0,100.0,0.0,0.0,normal,0.1338419999810867,1,
S17,19,Mujer,derecha,0,1,visual,14,VP,0.0,135.0,VP,1000.0,100.0,0.0,0.0,normal,0.1598783999797888,1,
S17,19,Mujer,derecha,0,1,visual,15,VP,0.0,135.0,VP,1600.0,160.0,0.0,0.0,normal,0.0515194999752566,1,
S17,19,Mujer,derecha,0,1,visual,16,EXP,90.0,135.0,EXP,1000.0,160.0,2.0,0.0,catch,0.1050449999747797,1,
S17,19,Mujer,derecha,0,1,visual,17,VP,0.0,135.0,EXP,1000.0,160.0,0.0,0.0,normal,0.5556706000352278,1,
S17,19,Mujer,derecha,0,1,visual,18,VP,90.0,45.0,VP,1600.0,160.0,0.0,0.0,normal,0.2751907000201754,1,
S17,19,Mujer,derecha,0,1,visual,19,EXP,90.0,135.0,EXP,1000.0,160.0,0.0,0.0,normal,0.2615428999997675,1,
S17,19,Mujer,derecha,0,1,visual,20,EXP,0.0,45.0,EXP,1600.0,100.0,0.0,0.0,normal,0.6957514000241645,1,
S17,19,Mujer,derecha,0,1,visual,21,EXP,90.0,135.0,EXP,1000.0,160.0,1.0,0.0,catch,0.0979006999987177,1,
S17,19,Mujer,derecha,0,1,visual,22,EXP,90.0,135.0,EXP,1600.0,100.0,1.0,0.0,catch,0.0800066000083461,1,
S17,19,Mujer,derecha,0,1,visual,23,VP,90.0,45.0,VP,1000.0,100.0,0.0,0.0,normal,0.1151549000060185,1,
S17,19,Mujer,derecha,0,1,visual,24,EXP,90.0,135.0,EXP,1000.0,160.0,0.0,0.0,normal,2.1040040999650955,1,
S17,19,Mujer,derecha,0,1,visual,25,EXP,90.0,135.0,EXP,1000.0,160.0,0.0,0.0,normal,0.0816388000384904,1,
S17,19,Mujer,derecha,0,1,visual,26,EXP,0.0,45.0,EXP,1000.0,160.0,0.0,0.0,normal,0.0563961000298149,1,
S17,19,Mujer,derecha,0,1,visual,27,EXP,0.0,45.0,EXP,1600.0,100.0,0.0,0.0,normal,0.2862453000270761,1,
S17,19,Mujer,derecha,0,1,visual,28,EXP,0.0,45.0,EXP,1000.0,160.0,1.0,0.0,catch,0.1462081999634392,1,
S17,19,Mujer,derecha,0,1,visual,29,VP,90.0,45.0,EXP,1000.0,160.0,0.0,0.0,normal,0.0764911000151187,1,
S17,19,Mujer,derecha,0,1,visual,30,EXP,90.0,135.0,EXP,1600.0,100.0,2.0,0.0,catch,0.3999086999683641,1,
S17,19,Mujer,derecha,0,1,visual,31,EXP,0.0,45.0,EXP,1000.0,160.0,2.0,0.0,catch,0.164599800016731,1,
S17,19,Mujer,derecha,0,1,visual,32,EXP,90.0,135.0,EXP,1600.0,100.0,0.0,0.0,normal,0.1069730999879539,1,
S17,19,Mujer,derecha,0,1,visual,33,EXP,90.0,135.0,VP,1000.0,100.0,0.0,0.0,normal,0.2046868999605067,1,
S17,19,Mujer,derecha,0,1,visual,34,EXP,90.0,135.0,EXP,1000.0,160.0,0.0,0.0,normal,0.7356225000112318,1,
S17,19,Mujer,derecha,0,1,visual,35,EXP,90.0,135.0,EXP,1600.0,100.0,0.0,0.0,normal,0.2236829999601468,1,
S17,19,Mujer,derecha,0,1,visual,36,EXP,90.0,135.0,EXP,1600.0,100.0,0.0,0.0,normal,0.1096206000074744,1,
S17,19,Mujer,derecha,0,1,visual,37,EXP,90.0,135.0,VP,1600.0,160.0,0.0,0.0,normal,0.0283342999755404,1,
S17,19,Mujer,derecha,0,1,visual,38,EXP,0.0,45.0,VP,1000.0,100.0,0.0,0.0,normal,0.7104278999613598,1,
S17,19,Mujer,derecha,0,1,visual,39,EXP,90.0,135.0,EXP,1600.0,100.0,0.0,0.0,normal,0.1235574999591335,1,
S17,19,Mujer,derecha,0,2,visual,0,EXP,90.0,135.0,VP,1000.0,100.0,0.0,0.0,normal,0.3194554000510834,1,
S17,19,Mujer,derecha,0,2,visual,1,EXP,0.0,45.0,EXP,1600.0,100.0,0.0,0.0,normal,0.2840573000139557,1,
S17,19,Mujer,derecha,0,2,visual,2,VP,90.0,45.0,EXP,1600.0,100.0,0.0,0.0,normal,0.0653872999828308,1,
S17,19,Mujer,derecha,0,2,visual,3,EXP,0.0,45.0,EXP,1600.0,100.0,0.0,0.0,normal,0.0977791000041179,1,
S17,19,Mujer,derecha,0,2,visual,4,EXP,0.0,45.0,EXP,1000.0,160.0,0.0,0.0,normal,0.3852097000344656,1,
S17,19,Mujer,derecha,0,2,visual,5,VP,0.0,135.0,VP,1600.0,160.0,0.0,0.0,normal,0.2456324999802746,1,
S17,19,Mujer,derecha,0,2,visual,6,EXP,0.0,45.0,EXP,1600.0,100.0,1.0,0.0,catch,0.200135399994906,1,
S17,19,Mujer,derecha,0,2,visual,7,EXP,90.0,135.0,EXP,1000.0,160.0,0.0,0.0,normal,0.0742735000094398,1,
S17,19,Mujer,derecha,0,2,visual,8,EXP,0.0,45.0,EXP,1600.0,100.0,0.0,0.0,normal,0.0961875999928452,1,
S17,19,Mujer,derecha,0,2,visual,9,EXP,0.0,45.0,EXP,1000.0,160.0,0.0,0.0,normal,0.2036091000190936,1,
S17,19,Mujer,derecha,0,2,visual,10,VP,0.0,135.0,EXP,1600.0,100.0,0.0,0.0,normal,0.1281248000450432,1,
S17,19,Mujer,derecha,0,2,visual,11,EXP,90.0,135.0,EXP,1000.0,160.0,0.0,0.0,normal,0.2102715999935753,1,
S17,19,Mujer,derecha,0,2,visual,12,EXP,90.0,135.0,EXP,1000.0,160.0,2.0,0.0,catch,0.3038628000067547,1,
S17,19,Mujer,derecha,0,2,visual,13,EXP,90.0,135.0,EXP,1600.0,100.0,0.0,0.0,normal,0.2274593000183813,1,
S17,19,Mujer,derecha,0,2,visual,14,EXP,90.0,135.0,EXP,1000.0,160.0,0.0,0.0,normal,0.0681593000190332,1,
S17,19,Mujer,derecha,0,2,visual,15,EXP,0.0,45.0,EXP,1600.0,100.0,2.0,0.0,catch,0.1348183999652974,1,
S17,19,Mujer,derecha,0,2,visual,16,VP,0.0,135.0,VP,1000.0,100.0,0.0,0.0,normal,0.1131775999674573,1,
S17,19,Mujer,derecha,0,2,visual,17,EXP,90.0,135.0,EXP,1600.0,100.0,0.0,0.0,normal,0.1907447999692522,1,
S17,19,Mujer,derecha,0,2,visual,18,EXP,90.0,135.0,VP,1600.0,160.0,0.0,0.0,normal,0.4321477999910712,1,
S17,19,Mujer,derecha,0,2,visual,19,EXP,0.0,45.0,EXP,1600.0,100.0,0.0,0.0,normal,0.2044284999719821,1,
S17,19,Mujer,derecha,0,2,visual,20,EXP,0.0,45.0,VP,1000.0,100.0,0.0,0.0,normal,0.1897822999744676,1,
S17,19,Mujer,derecha,0,2,visual,21,EXP,0.0,45.0,EXP,1000.0,160.0,0.0,0.0,normal,0.3927031999919563,1,
S17,19,Mujer,derecha,0,2,visual,22,EXP,0.0,45.0,EXP,1000.0,160.0,1.0,0.0,catch,0.0777217999566346,1,
S17,19,Mujer,derecha,0,2,visual,23,EXP,0.0,45.0,EXP,1600.0,100.0,0.0,0.0,normal,0.3936141000012867,1,
S17,19,Mujer,derecha,0,2,visual,24,EXP,90.0,135.0,EXP,1600.0,100.0,0.0,0.0,normal,0.3247346999705769,1,
S17,19,Mujer,derecha,0,2,visual,25,VP,90.0,45.0,VP,1000.0,100.0,0.0,0.0,normal,0.3457137999939732,1,
S17,19,Mujer,derecha,0,2,visual,26,EXP,90.0,135.0,EXP,1000.0,160.0,0.0,0.0,normal,0.0695116000133566,1,
S17,19,Mujer,derecha,0,2,visual,27,EXP,0.0,45.0,EXP,1000.0,160.0,0.0,0.0,normal,0.672887200023979,1,
S17,19,Mujer,derecha,0,2,visual,28,EXP,90.0,135.0,EXP,1000.0,160.0,1.0,0.0,catch,0.8085002999869175,1,
S17,19,Mujer,derecha,0,2,visual,29,EXP,90.0,135.0,EXP,1600.0,100.0,1.0,0.0,catch,0.2721086999517865,1,
S17,19,Mujer,derecha,0,2,visual,30,EXP,0.0,45.0,VP,1600.0,160.0,0.0,0.0,normal,0.0746967999730259,1,
S17,19,Mujer,derecha,0,2,visual,31,EXP,90.0,135.0,EXP,1000.0,160.0,0.0,0.0,normal,0.2317720000282861,1,
S17,19,Mujer,derecha,0,2,visual,32,EXP,0.0,45.0,EXP,1000.0,160.0,0.0,0.0,normal,0.6474232000182383,1,
S17,19,Mujer,derecha,0,2,visual,33,EXP,0.0,45.0,EXP,1000.0,160.0,2.0,0.0,catch,0.1609584999969229,1,
S17,19,Mujer,derecha,0,2,visual,34,VP,90.0,45.0,EXP,1000.0,160.0,0.0,0.0,normal,0.3867348000057973,1,
S17,19,Mujer,derecha,0,2,visual,35,VP,90.0,45.0,VP,1600.0,160.0,0.0,0.0,normal,0.3876013000262901,1,
S17,19,Mujer,derecha,0,2,visual,36,EXP,90.0,135.0,EXP,1600.0,100.0,0.0,0.0,normal,0.2054130000178702,1,
S17,19,Mujer,derecha,0,2,visual,37,EXP,90.0,135.0,EXP,1600.0,100.0,0.0,0.0,normal,0.2078911000280641,1,
S17,19,Mujer,derecha,0,2,visual,38,EXP,90.0,135.0,EXP,1600.0,100.0,2.0,0.0,catch,0.1521028000279329,1,
S17,19,Mujer,derecha,0,2,visual,39,VP,0.0,135.0,EXP,1000.0,160.0,0.0,0.0,normal,0.2750297000166029,1,
S17,19,Mujer,derecha,0,3,visual,0,VP,0.0,135.0,VP,1600.0,160.0,0.0,0.0,normal,0.4585923999547958,1,
S17,19,Mujer,derecha,0,3,visual,1,EXP,90.0,135.0,EXP,1000.0,160.0,0.0,0.0,normal,0.2821165000204928,1,
S17,19,Mujer,derecha,0,3,visual,2,EXP,90.0,135.0,EXP,1600.0,100.0,1.0,0.0,catch,0.5174732999876142,1,
S17,19,Mujer,derecha,0,3,visual,3,EXP,0.0,45.0,EXP,1000.0,160.0,0.0,0.0,normal,0.3916536999749951,1,
S17,19,Mujer,derecha,0,3,visual,4,EXP,0.0,45.0,EXP,1000.0,160.0,2.0,0.0,catch,0.2280848000082187,1,
S17,19,Mujer,derecha,0,3,visual,5,VP,90.0,45.0,VP,1600.0,160.0,0.0,0.0,normal,0.5557740000076592,1,
S17,19,Mujer,derecha,0,3,visual,6,EXP,0.0,45.0,EXP,1000.0,160.0,0.0,0.0,normal,0.3396180999698117,1,
S17,19,Mujer,derecha,0,3,visual,7,EXP,90.0,135.0,VP,1000.0,100.0,0.0,0.0,normal,0.3692396999686025,1,
S17,19,Mujer,derecha,0,3,visual,8,VP,90.0,45.0,EXP,1600.0,100.0,0.0,0.0,normal,0.5724798999726772,1,
S17,19,Mujer,derecha,0,3,visual,9,EXP,90.0,135.0,EXP,1000.0,160.0,0.0,0.0,normal,0.2965091000078246,1,
S17,19,Mujer,derecha,0,3,visual,10,EXP,0.0,45.0,EXP,1000.0,160.0,0.0,0.0,normal,0.3543003999511711,1,
S17,19,Mujer,derecha,0,3,visual,11,EXP,0.0,45.0,EXP,1000.0,160.0,0.0,0.0,normal,0.227901300007943,1,
S17,19,Mujer,derecha,0,3,visual,12,EXP,90.0,135.0,EXP,1600.0,100.0,0.0,0.0,normal,0.272235999989789,1,
S17,19,Mujer,derecha,0,3,visual,13,VP,0.0,135.0,EXP,1600.0,100.0,0.0,0.0,normal,0.3658470000373199,1,
S17,19,Mujer,derecha,0,3,visual,14,EXP,0.0,45.0,VP,1000.0,100.0,0.0,0.0,normal,0.2605894000153057,1,
S17,19,Mujer,derecha,0,3,visual,15,EXP,0.0,45.0,EXP,1000.0,160.0,1.0,0.0,catch,1.1173653000150807,1,
S17,19,Mujer,derecha,0,3,visual,16,EXP,0.0,45.0,EXP,1600.0,100.0,0.0,0.0,normal,0.3587149000377394,1,
S17,19,Mujer,derecha,0,3,visual,17,EXP,0.0,45.0,EXP,1600.0,100.0,1.0,0.0,catch,0.1500242999754846,1,
S17,19,Mujer,derecha,0,3,visual,18,EXP,0.0,45.0,EXP,1000.0,160.0,0.0,0.0,normal,0.3579499999759719,1,
S17,19,Mujer,derecha,0,3,visual,19,VP,0.0,135.0,EXP,1000.0,160.0,0.0,0.0,normal,0.3330531999818049,1,
S17,19,Mujer,derecha,0,3,visual,20,EXP,90.0,135.0,EXP,1000.0,160.0,0.0,0.0,normal,0.3121150999795645,1,
S17,19,Mujer,derecha,0,3,visual,21,EXP,90.0,135.0,EXP,1600.0,100.0,2.0,0.0,catch,0.2131796000176109,1,
S17,19,Mujer,derecha,0,3,visual,22,EXP,90.0,135.0,EXP,1600.0,100.0,0.0,0.0,normal,0.3352793999947607,1,
S17,19,Mujer,derecha,0,3,visual,23,EXP,0.0,45.0,EXP,1600.0,100.0,0.0,0.0,normal,0.2360309999785386,1,
S17,19,Mujer,derecha,0,3,visual,24,VP,0.0,135.0,VP,1000.0,100.0,0.0,0.0,normal,0.2468377000186592,1,
S17,19,Mujer,derecha,0,3,visual,25,EXP,90.0,135.0,EXP,1000.0,160.0,0.0,0.0,normal,0.2821975999977439,1,
S17,19,Mujer,derecha,0,3,visual,26,EXP,90.0,135.0,EXP,1000.0,160.0,0.0,0.0,normal,0.2546867000055499,1,
S17,19,Mujer,derecha,0,3,visual,27,EXP,0.0,45.0,EXP,1600.0,100.0,2.0,0.0,catch,0.1728583999793045,1,
S17,19,Mujer,derecha,0,3,visual,28,EXP,90.0,135.0,EXP,1000.0,160.0,1.0,0.0,catch,0.2777269000071101,1,
S17,19,Mujer,derecha,0,3,visual,29,VP,90.0,45.0,VP,1000.0,100.0,0.0,0.0,normal,0.330319500004407,1,
S17,19,Mujer,derecha,0,3,visual,30,EXP,90.0,135.0,EXP,1600.0,100.0,0.0,0.0,normal,0.0201295000151731,1,
S17,19,Mujer,derecha,0,3,visual,31,EXP,90.0,135.0,VP,1600.0,160.0,0.0,0.0,normal,0.3736367999808863,1,
S17,19,Mujer,derecha,0,3,visual,32,EXP,90.0,135.0,EXP,1000.0,160.0,2.0,0.0,catch,0.0455840000067837,1,
S17,19,Mujer,derecha,0,3,visual,33,VP,90.0,45.0,EXP,1000.0,160.0,0.0,0.0,normal,0.2610456999973394,1,
S17,19,Mujer,derecha,0,3,visual,34,EXP,90.0,135.0,EXP,1600.0,100.0,0.0,0.0,catch,0.2497040000162087,0,
S17,19,Mujer,derecha,0,3,visual,35,EXP,0.0,45.0,VP,1600.0,160.0,0.0,0.0,normal,0.2446701999870129,1,
S17,19,Mujer,derecha,0,3,visual,36,EXP,0.0,45.0,EXP,1600.0,100.0,0.0,0.0,normal,0.4183806999935768,1,
S17,19,Mujer,derecha,0,3,visual,37,EXP,0.0,45.0,EXP,1600.0,100.0,0.0,0.0,normal,0.4244619000237435,1,
S17,19,Mujer,derecha,0,3,visual,38,EXP,90.0,135.0,EXP,1600.0,100.0,0.0,0.0,normal,0.2095142999896779,1,
S17,19,Mujer,derecha,0,3,visual,39,EXP,0.0,45.0,EXP,1600.0,100.0,0.0,0.0,normal,0.2242321000085212,1,
S17,19,Mujer,derecha,1,0,visual,0,VP,90.0,45.0,EXP,1000.0,160.0,0.0,0.0,normal,0.5594199000042863,1,20.0
S17,19,Mujer,derecha,1,0,visual,1,EXP,90.0,135.0,EXP,1000.0,160.0,0.0,1.0,diferente,0.5087400000193156,1,20.0
S17,19,Mujer,derecha,1,0,visual,2,VP,0.0,135.0,VP,1600.0,160.0,0.0,1.0,diferente,0.8043141000089236,1,20.0
S17,19,Mujer,derecha,1,0,visual,3,EXP,0.0,45.0,EXP,1600.0,100.0,0.0,0.0,normal,0.1276906999992206,1,20.0
S17,19,Mujer,derecha,1,0,visual,4,EXP,90.0,135.0,EXP,1600.0,100.0,0.0,1.0,diferente,0.5616500999894924,1,20.0
S17,19,Mujer,derecha,1,0,visual,5,EXP,90.0,135.0,EXP,1600.0,100.0,0.0,0.0,diferente,0.3039199999766424,0,14.0
S17,19,Mujer,derecha,1,0,visual,6,EXP,90.0,135.0,EXP,1600.0,100.0,2.0,0.0,diferente,0.1896105000050738,0,14.0
S17,19,Mujer,derecha,1,0,visual,7,EXP,0.0,45.0,EXP,1000.0,160.0,0.0,0.0,normal,0.2373666000203229,1,14.0
S17,19,Mujer,derecha,1,0,visual,8,EXP,90.0,135.0,VP,1000.0,100.0,0.0,0.0,normal,0.4581995999906212,1,14.0
S17,19,Mujer,derecha,1,0,visual,9,EXP,90.0,135.0,EXP,1000.0,160.0,2.0,0.0,catch,0.3283393000019714,1,14.0
S17,19,Mujer,derecha,1,0,visual,10,VP,0.0,135.0,EXP,1000.0,160.0,0.0,0.0,normal,0.7227303999825381,1,14.0
S17,19,Mujer,derecha,1,0,visual,11,EXP,0.0,45.0,EXP,1000.0,160.0,1.0,0.0,catch,0.5141442999592982,1,14.0
S17,19,Mujer,derecha,1,0,visual,12,EXP,90.0,135.0,EXP,1600.0,100.0,0.0,0.0,normal,0.5737941000261344,1,14.0
S17,19,Mujer,derecha,1,0,visual,13,VP,0.0,135.0,VP,1000.0,100.0,0.0,0.0,normal,0.3923812999855727,1,14.0
S17,19,Mujer,derecha,1,0,visual,14,EXP,90.0,135.0,VP,1000.0,100.0,0.0,1.0,normal,1.0484975000144914,0,14.0
S17,19,Mujer,derecha,1,0,visual,15,EXP,90.0,135.0,EXP,1000.0,160.0,0.0,0.0,normal,0.1598444999544881,1,20.0
S17,19,Mujer,derecha,1,0,visual,16,EXP,0.0,45.0,EXP,1600.0,100.0,0.0,0.0,normal,0.1108347999979741,1,20.0
S17,19,Mujer,derecha,1,0,visual,17,VP,90.0,45.0,EXP,1600.0,100.0,0.0,1.0,diferente,0.3634633999899961,1,20.0
S17,19,Mujer,derecha,1,0,visual,18,VP,0.0,135.0,VP,1600.0,160.0,0.0,0.0,normal,0.2563516999944113,1,20.0
S17,19,Mujer,derecha,1,0,visual,19,EXP,90.0,135.0,VP,1600.0,160.0,0.0,0.0,normal,0.6104398000170477,1,20.0
S17,19,Mujer,derecha,1,0,visual,20,EXP,0.0,45.0,VP,1000.0,100.0,0.0,1.0,diferente,0.7001836000126787,1,20.0
S17,19,Mujer,derecha,1,0,visual,21,EXP,0.0,45.0,EXP,1000.0,160.0,0.0,1.0,normal,0.3783462999854237,0,20.0
S17,19,Mujer,derecha,1,0,visual,22,VP,90.0,45.0,VP,1600.0,160.0,0.0,1.0,diferente,0.7440126999863423,1,26.0
S17,19,Mujer,derecha,1,0,visual,23,EXP,90.0,135.0,EXP,1600.0,100.0,0.0,0.0,normal,0.1371763000497594,1,26.0
S17,19,Mujer,derecha,1,0,visual,24,VP,0.0,135.0,EXP,1000.0,160.0,0.0,1.0,normal,0.1935618999996222,0,26.0
S17,19,Mujer,derecha,1,0,visual,25,EXP,90.0,135.0,EXP,1000.0,160.0,0.0,0.0,normal,0.2093762999866157,1,26.0
S17,19,Mujer,derecha,1,0,visual,26,EXP,90.0,135.0,EXP,1600.0,100.0,0.0,0.0,normal,0.2383256999892182,1,26.0
S17,19,Mujer,derecha,1,0,visual,27,VP,0.0,135.0,EXP,1600.0,100.0,0.0,0.0,normal,0.4625556000391952,1,26.0
S17,19,Mujer,derecha,1,0,visual,28,EXP,90.0,135.0,EXP,1000.0,160.0,0.0,0.0,normal,0.2456965000019408,1,26.0
S17,19,Mujer,derecha,1,0,visual,29,VP,0.0,135.0,EXP,1600.0,100.0,0.0,1.0,diferente,0.3222946999594569,1,26.0
S17,19,Mujer,derecha,1,0,visual,30,EXP,0.0,45.0,EXP,1600.0,100.0,0.0,0.0,normal,0.4504297999665141,1,26.0
S17,19,Mujer,derecha,1,0,visual,31,EXP,90.0,135.0,EXP,1600.0,100.0,0.0,1.0,diferente,0.2778705999953672,1,26.0
S17,19,Mujer,derecha,1,0,visual,32,EXP,90.0,135.0,VP,1600.0,160.0,0.0,1.0,normal,0.4056124999769963,0,26.0
S17,19,Mujer,derecha,1,0,visual,33,EXP,0.0,45.0,EXP,1600.0,100.0,0.0,0.0,normal,0.1195932999835349,1,32.0
S17,19,Mujer,derecha,1,0,visual,34,EXP,0.0,45.0,EXP,1000.0,160.0,0.0,0.0,normal,0.2333455000189133,1,32.0
S17,19,Mujer,derecha,1,0,visual,35,EXP,0.0,45.0,EXP,1600.0,100.0,0.0,1.0,diferente,0.487235399952624,1,32.0
S17,19,Mujer,derecha,1,0,visual,36,EXP,0.0,45.0,EXP,1600.0,100.0,0.0,0.0,normal,0.2177172999945469,1,32.0
S17,19,Mujer,derecha,1,0,visual,37,EXP,90.0,135.0,EXP,1000.0,160.0,0.0,0.0,normal,0.3208806000184268,1,32.0
S17,19,Mujer,derecha,1,0,visual,38,EXP,0.0,45.0,EXP,1000.0,160.0,2.0,0.0,catch,0.4627132000168785,1,32.0
S17,19,Mujer,derecha,1,0,visual,39,VP,90.0,45.0,VP,1600.0,160.0,0.0,0.0,normal,0.2389330000150948,1,32.0
S17,19,Mujer,derecha,1,0,visual,40,EXP,0.0,45.0,EXP,1600.0,100.0,0.0,0.0,normal,0.0679877999937161,1,32.0
S17,19,Mujer,derecha,1,0,visual,41,EXP,0.0,45.0,EXP,1600.0,100.0,0.0,1.0,catch,0.403965400008019,0,32.0
S17,19,Mujer,derecha,1,0,visual,42,EXP,0.0,45.0,EXP,1000.0,160.0,0.0,0.0,normal,0.9281030999845824,1,38.0
S17,19,Mujer,derecha,1,0,visual,43,EXP,0.0,45.0,EXP,1600.0,100.0,0.0,0.0,normal,0.1619264999753795,1,38.0
S17,19,Mujer,derecha,1,0,visual,44,EXP,0.0,45.0,EXP,1000.0,160.0,0.0,0.0,normal,0.1436977999983355,1,38.0
S17,19,Mujer,derecha,1,0,visual,45,EXP,0.0,45.0,VP,1600.0,160.0,0.0,0.0,normal,0.1944557999959215,1,38.0
S17,19,Mujer,derecha,1,0,visual,46,EXP,90.0,135.0,EXP,1600.0,100.0,0.0,1.0,diferente,0.5845261999638751,1,38.0
S17,19,Mujer,derecha,1,0,visual,47,VP,90.0,45.0,VP,1000.0,100.0,0.0,0.0,normal,0.7146984999999404,1,38.0
S17,19,Mujer,derecha,1,0,visual,48,EXP,90.0,135.0,EXP,1000.0,160.0,0.0,0.0,normal,0.3614484000136144,1,38.0
S17,19,Mujer,derecha,1,0,visual,49,EXP,90.0,135.0,EXP,1000.0,160.0,0.0,0.0,normal,0.0618118999991565,1,38.0
S17,19,Mujer,derecha,1,0,visual,50,EXP,90.0,135.0,EXP,1600.0,100.0,0.0,0.0,normal,0.0954284999752417,1,38.0
S17,19,Mujer,derecha,1,0,visual,51,EXP,0.0,45.0,EXP,1000.0,160.0,0.0,1.0,diferente,0.2130620999960228,1,38.0
S17,19,Mujer,derecha,1,0,visual,52,EXP,0.0,45.0,EXP,1600.0,100.0,1.0,0.0,catch,0.2481715999892912,1,38.0
S17,19,Mujer,derecha,1,0,visual,53,EXP,90.0,135.0,EXP,1600.0,100.0,1.0,0.0,catch,0.0330913999932818,1,38.0
S17,19,Mujer,derecha,1,0,visual,54,EXP,0.0,45.0,EXP,1000.0,160.0,0.0,1.0,diferente,0.5989704999956302,1,38.0
S17,19,Mujer,derecha,1,0,visual,55,EXP,90.0,135.0,EXP,1000.0,160.0,1.0,0.0,catch,0.6688436000258662,1,32.0
S17,19,Mujer,derecha,1,0,visual,56,EXP,90.0,135.0,EXP,1000.0,160.0,0.0,1.0,diferente,0.5049362999852747,1,32.0
S17,19,Mujer,derecha,1,0,visual,57,EXP,0.0,45.0,EXP,1000.0,160.0,0.0,0.0,normal,0.3262973000528291,1,32.0
S17,19,Mujer,derecha,1,0,visual,58,EXP,90.0,135.0,EXP,1000.0,160.0,0.0,1.0,diferente,0.6564637999981642,1,32.0
S17,19,Mujer,derecha,1,0,visual,59,VP,90.0,45.0,EXP,1000.0,160.0,0.0,1.0,diferente,0.1492503999616019,1,32.0
S17,19,Mujer,derecha,1,0,visual,60,EXP,0.0,45.0,VP,1600.0,160.0,0.0,1.0,diferente,0.2257808999856934,1,32.0
S17,19,Mujer,derecha,1,0,visual,61,EXP,90.0,135.0,EXP,1000.0,160.0,0.0,0.0,normal,0.3930998999858275,1,28.0
S17,19,Mujer,derecha,1,0,visual,62,EXP,90.0,135.0,EXP,1600.0,100.0,0.0,0.0,normal,0.6047580000013113,1,28.0
S17,19,Mujer,derecha,1,0,visual,63,EXP,0.0,45.0,VP,1000.0,100.0,0.0,0.0,normal,0.0973554999800399,1,28.0
S17,19,Mujer,derecha,1,0,visual,64,EXP,90.0,135.0,EXP,1600.0,100.0,0.0,0.0,normal,0.0361312000313773,1,28.0
S17,19,Mujer,derecha,1,0,visual,65,VP,90.0,45.0,VP,1000.0,100.0,0.0,1.0,diferente,0.244884300045669,1,28.0
S17,19,Mujer,derecha,1,0,visual,66,VP,0.0,135.0,VP,1000.0,100.0,0.0,1.0,normal,0.3958239000057801,0,28.0
S17,19,Mujer,derecha,1,0,visual,67,EXP,0.0,45.0,EXP,1000.0,160.0,0.0,0.0,normal,0.0873030999791808,1,28.0
S17,19,Mujer,derecha,1,0,visual,68,EXP,0.0,45.0,EXP,1600.0,100.0,2.0,0.0,diferente,0.3599155999836512,0,28.0
S17,19,Mujer,derecha,1,0,visual,69,VP,90.0,45.0,EXP,1600.0,100.0,0.0,0.0,normal,0.1847187999519519,1,28.0
S17,19,Mujer,derecha,1,0,visual,70,EXP,0.0,45.0,EXP,1000.0,160.0,0.0,0.0,normal,0.2011125000426545,1,28.0
S17,19,Mujer,derecha,1,0,visual,71,EXP,0.0,45.0,EXP,1600.0,100.0,0.0,1.0,normal,0.1658964999951422,0,28.0
S17,19,Mujer,derecha,1,1,visual,0,EXP,90.0,135.0,EXP,1600.0,100.0,0.0,1.0,diferente,0.6568836999940686,1,32.0
S17,19,Mujer,derecha,1,1,visual,1,EXP,0.0,45.0,VP,1600.0,160.0,0.0,1.0,diferente,0.6608692000154406,1,32.0
S17,19,Mujer,derecha,1,1,visual,2,EXP,0.0,45.0,EXP,1600.0,100.0,0.0,0.0,normal,1.1973948000231758,1,32.0
S17,19,Mujer,derecha,1,1,visual,3,VP,0.0,135.0,VP,1000.0,100.0,0.0,0.0,diferente,0.6335411999607459,0,32.0
S17,19,Mujer,derecha,1,1,visual,4,EXP,90.0,135.0,VP,1000.0,100.0,0.0,0.0,normal,0.3701784999575466,1,32.0
S17,19,Mujer,derecha,1,1,visual,5,VP,90.0,45.0,EXP,1600.0,100.0,0.0,0.0,normal,0.1699025999987498,1,32.0
S17,19,Mujer,derecha,1,1,visual,6,EXP,0.0,45.0,EXP,1000.0,160.0,0.0,0.0,normal,0.0224232000182382,1,32.0
S17,19,Mujer,derecha,1,1,visual,7,EXP,0.0,45.0,EXP,1000.0,160.0,2.0,0.0,catch,0.2132425000309012,1,32.0
S17,19,Mujer,derecha,1,1,visual,8,EXP,0.0,45.0,EXP,1600.0,100.0,1.0,0.0,catch,0.1596536000142805,1,32.0
S17,19,Mujer,derecha,1,1,visual,9,EXP,90.0,135.0,VP,1600.0,160.0,0.0,0.0,normal,0.2601175000309013,1,32.0
S17,19,Mujer,derecha,1,1,visual,10,EXP,0.0,45.0,VP,1000.0,100.0,0.0,1.0,normal,1.7105073999846354,0,32.0
S17,19,Mujer,derecha,1,1,visual,11,EXP,0.0,45.0,EXP,1000.0,160.0,0.0,1.0,normal,0.0285855999682098,0,36.0
S17,19,Mujer,derecha,1,1,visual,12,EXP,90.0,135.0,EXP,1600.0,100.0,0.0,0.0,normal,0.1522413999773562,1,40.0
S17,19,Mujer,derecha,1,1,visual,13,EXP,90.0,135.0,EXP,1000.0,160.0,1.0,0.0,catch,0.0870780000113882,1,40.0
S17,19,Mujer,derecha,1,1,visual,14,EXP,0.0,45.0,EXP,1600.0,100.0,0.0,0.0,normal,0.2071348000317812,1,40.0
S17,19,Mujer,derecha,1,1,visual,15,EXP,90.0,135.0,EXP,1600.0,100.0,0.0,0.0,normal,0.229114199988544,1,40.0
S17,19,Mujer,derecha,1,1,visual,16,EXP,90.0,135.0,EXP,1600.0,100.0,0.0,0.0,normal,0.3747189999558031,1,40.0
S17,19,Mujer,derecha,1,1,visual,17,EXP,90.0,135.0,EXP,1000.0,160.0,0.0,1.0,diferente,0.1433001999976113,1,40.0
S17,19,Mujer,derecha,1,1,visual,18,EXP,90.0,135.0,EXP,1000.0,160.0,0.0,0.0,normal,0.0672377999871969,1,40.0
S17,19,Mujer,derecha,1,1,visual,19,EXP,0.0,45.0,EXP,1600.0,100.0,2.0,0.0,catch,0.080856499960646,1,40.0
S17,19,Mujer,derecha,1,1,visual,20,EXP,0.0,45.0,EXP,1600.0,100.0,0.0,0.0,normal,0.1735590999596752,1,40.0
S17,19,Mujer,derecha,1,1,visual,21,EXP,0.0,45.0,EXP,1600.0,100.0,0.0,0.0,normal,0.2823776999721303,1,40.0
S17,19,Mujer,derecha,1,1,visual,22,EXP,90.0,135.0,EXP,1000.0,160.0,0.0,0.0,normal,0.1432836999883875,1,40.0
S17,19,Mujer,derecha,1,1,visual,23,EXP,90.0,135.0,EXP,1000.0,160.0,0.0,0.0,normal,0.4478241000324487,1,40.0
S17,19,Mujer,derecha,1,1,visual,24,VP,0.0,135.0,VP,1600.0,160.0,0.0,0.0,normal,0.2244128999882377,1,40.0
S17,19,Mujer,derecha,1,1,visual,25,EXP,90.0,135.0,EXP,1000.0,160.0,2.0,0.0,catch,0.2038349999929778,1,40.0
S17,19,Mujer,derecha,1,1,visual,26,EXP,90.0,135.0,EXP,1600.0,100.0,0.0,0.0,normal,0.2807124000391923,1,40.0
S17,19,Mujer,derecha,1,1,visual,27,EXP,0.0,45.0,VP,1000.0,100.0,0.0,0.0,normal,0.9263631000067108,1,40.0
S17,19,Mujer,derecha,1,1,visual,28,EXP,90.0,135.0,EXP,1600.0,100.0,2.0,0.0,catch,0.1453095000470057,1,40.0
S17,19,Mujer,derecha,1,1,visual,29,EXP,0.0,45.0,EXP,1000.0,160.0,0.0,0.0,normal,0.4007760999957099,1,40.0
S17,19,Mujer,derecha,1,1,visual,30,EXP,0.0,45.0,EXP,1000.0,160.0,0.0,0.0,normal,0.0602935000206343,1,40.0
S17,19,Mujer,derecha,1,1,visual,31,EXP,90.0,135.0,EXP,1000.0,160.0,0.0,1.0,catch,0.1631438999902457,0,40.0
S17,19,Mujer,derecha,1,1,visual,32,EXP,90.0,135.0,EXP,1000.0,160.0,0.0,0.0,normal,0.2884506999980658,1,40.0
S17,19,Mujer,derecha,1,1,visual,33,EXP,90.0,135.0,EXP,1000.0,160.0,0.0,1.0,diferente,0.5710836999933235,1,40.0
S17,19,Mujer,derecha,1,1,visual,34,EXP,0.0,45.0,EXP,1000.0,160.0,0.0,0.0,normal,0.2831028000218794,1,40.0
S17,19,Mujer,derecha,1,1,visual,35,EXP,0.0,45.0,EXP,1600.0,100.0,0.0,1.0,diferente,0.3104098999756388,1,40.0
S17,19,Mujer,derecha,1,1,visual,36,EXP,0.0,45.0,EXP,1000.0,160.0,0.0,1.0,diferente,0.6204484000336379,1,36.0
S17,19,Mujer,derecha,1,1,visual,37,EXP,0.0,45.0,EXP,1000.0,160.0,1.0,0.0,catch,0.2560512999771163,1,36.0
S17,19,Mujer,derecha,1,1,visual,38,EXP,90.0,135.0,EXP,1600.0,100.0,0.0,1.0,diferente,0.5209278999827802,1,36.0
S17,19,Mujer,derecha,1,1,visual,39,VP,0.0,135.0,VP,1000.0,100.0,0.0,1.0,diferente,0.1209457999793812,1,36.0
S17,19,Mujer,derecha,1,1,visual,40,VP,0.0,135.0,EXP,1600.0,100.0,0.0,0.0,normal,0.2224505000049248,1,36.0
S17,19,Mujer,derecha,1,1,visual,41,EXP,0.0,45.0,EXP,1600.0,100.0,0.0,0.0,diferente,0.7004614999750629,0,36.0
S17,19,Mujer,derecha,1,1,visual,42,VP,0.0,135.0,VP,1600.0,160.0,0.0,1.0,diferente,0.3672551999916322,1,36.0
S17,19,Mujer,derecha,1,1,visual,43,VP,0.0,135.0,EXP,1600.0,100.0,0.0,1.0,diferente,0.2207360999891534,1,36.0
S17,19,Mujer,derecha,1,1,visual,44,EXP,0.0,45.0,EXP,1600.0,100.0,0.0,1.0,diferente,0.1963167000212706,1,36.0
S17,19,Mujer,derecha,1,1,visual,45,EXP,90.0,135.0,EXP,1000.0,160.0,0.0,0.0,normal,0.2252799000125378,1,34.0
S17,19,Mujer,derecha,1,1,visual,46,EXP,90.0,135.0,EXP,1600.0,100.0,0.0,1.0,diferente,0.5475298999808729,1,34.0
S17,19,Mujer,derecha,1,1,visual,47,EXP,90.0,135.0,EXP,1600.0,100.0,0.0,0.0,normal,0.9229137999936938,1,34.0
S17,19,Mujer,derecha,1,1,visual,48,EXP,90.0,135.0,VP,1600.0,160.0,0.0,1.0,diferente,0.4448467000038363,1,34.0
S17,19,Mujer,derecha,1,1,visual,49,VP,90.0,45.0,VP,1000.0,100.0,0.0,0.0,diferente,0.840493299998343,0,34.0
S17,19,Mujer,derecha,1,1,visual,50,VP,90.0,45.0,EXP,1000.0,160.0,0.0,0.0,normal,0.3494517000508494,1,34.0
S17,19,Mujer,derecha,1,1,visual,51,EXP,0.0,45.0,EXP,1000.0,160.0,0.0,1.0,diferente,0.3346023000194691,1,34.0
S17,19,Mujer,derecha,1,1,visual,52,EXP,90.0,135.0,VP,1000.0,100.0,0.0,1.0,diferente,0.4414409000310115,1,32.0
S17,19,Mujer,derecha,1,1,visual,53,EXP,90.0,135.0,EXP,1600.0,100.0,0.0,0.0,normal,0.0960492000449448,1,32.0
S17,19,Mujer,derecha,1,1,visual,54,EXP,0.0,45.0,EXP,1000.0,160.0,0.0,0.0,normal,0.0637745999847538,1,32.0
S17,19,Mujer,derecha,1,1,visual,55,VP,90.0,45.0,EXP,1600.0,100.0,0.0,1.0,normal,0.8254885000060312,0,32.0
S17,19,Mujer,derecha,1,1,visual,56,EXP,0.0,45.0,VP,1600.0,160.0,0.0,0.0,normal,0.2093953000148758,1,32.0
S17,19,Mujer,derecha,1,1,visual,57,VP,90.0,45.0,EXP,1000.0,160.0,0.0,1.0,normal,0.3772280999692157,0,32.0
S17,19,Mujer,derecha,1,1,visual,58,VP,0.0,135.0,EXP,1000.0,160.0,0.0,0.0,normal,0.0889968000119552,1,32.0
S17,19,Mujer,derecha,1,1,visual,59,VP,90.0,45.0,VP,1000.0,100.0,0.0,1.0,diferente,0.7017465999815613,1,32.0
S17,19,Mujer,derecha,1,1,visual,60,VP,90.0,45.0,VP,1600.0,160.0,0.0,0.0,normal,0.3067546000238508,1,32.0
S17,19,Mujer,derecha,1,1,visual,61,EXP,0.0,45.0,EXP,1600.0,100.0,0.0,1.0,normal,0.1174369999789632,0,32.0
S17,19,Mujer,derecha,1,1,visual,62,VP,90.0,45.0,VP,1600.0,160.0,0.0,1.0,normal,0.0613853000104427,0,34.0
S17,19,Mujer,derecha,1,1,visual,63,EXP,90.0,135.0,EXP,1600.0,100.0,0.0,0.0,normal,0.3559204000048339,1,34.0
S17,19,Mujer,derecha,1,1,visual,64,VP,0.0,135.0,EXP,1000.0,160.0,0.0,1.0,diferente,0.2438393999473191,1,34.0
S17,19,Mujer,derecha,1,1,visual,65,EXP,90.0,135.0,EXP,1000.0,160.0,0.0,0.0,normal,0.1376626000273972,1,34.0
S17,19,Mujer,derecha,1,1,visual,66,EXP,90.0,135.0,EXP,1000.0,160.0,0.0,0.0,normal,0.040162399993278,1,34.0
S17,19,Mujer,derecha,1,1,visual,67,EXP,0.0,45.0,EXP,1000.0,160.0,0.0,0.0,normal,0.177111099998001,1,34.0
S17,19,Mujer,derecha,1,1,visual,68,EXP,0.0,45.0,EXP,1000.0,160.0,0.0,0.0,normal,0.7173060000059195,1,34.0
S17,19,Mujer,derecha,1,1,visual,69,EXP,0.0,45.0,EXP,1600.0,100.0,0.0,0.0,normal,0.1370670000324025,1,34.0
S17,19,Mujer,derecha,1,1,visual,70,EXP,90.0,135.0,EXP,1600.0,100.0,1.0,0.0,diferente,0.100090000021737,0,34.0
S17,19,Mujer,derecha,1,1,visual,71,EXP,0.0,45.0,EXP,1600.0,100.0,0.0,0.0,normal,0.2523655999684706,1,34.0
S17,19,Mujer,derecha,1,2,visual,0,EXP,90.0,135.0,EXP,1000.0,160.0,0.0,0.0,normal,0.8178363000042737,1,34.0
S17,19,Mujer,derecha,1,2,visual,1,EXP,0.0,45.0,EXP,1600.0,100.0,0.0,0.0,normal,0.4373692999943159,1,34.0
S17,19,Mujer,derecha,1,2,visual,2,VP,90.0,45.0,VP,1000.0,100.0,0.0,1.0,normal,0.0416919999988749,0,34.0
S17,19,Mujer,derecha,1,2,visual,3,EXP,90.0,135.0,EXP,1000.0,160.0,0.0,1.0,diferente,0.3145780000486411,1,34.0
S17,19,Mujer,derecha,1,2,visual,4,EXP,0.0,45.0,VP,1000.0,100.0,0.0,1.0,diferente,0.3528527999878861,1,34.0
S17,19,Mujer,derecha,1,2,visual,5,EXP,90.0,135.0,EXP,1000.0,160.0,0.0,0.0,normal,0.3947728999773972,1,34.0
S17,19,Mujer,derecha,1,2,visual,6,VP,0.0,135.0,VP,1600.0,160.0,0.0,1.0,diferente,0.1649230000330135,1,34.0
S17,19,Mujer,derecha,1,2,visual,7,EXP,90.0,135.0,EXP,1000.0,160.0,0.0,0.0,normal,0.2886030999943614,1,34.0
S17,19,Mujer,derecha,1,2,visual,8,EXP,0.0,45.0,VP,1600.0,160.0,0.0,0.0,normal,0.021432600042317,1,34.0
S17,19,Mujer,derecha,1,2,visual,9,EXP,90.0,135.0,EXP,1000.0,160.0,0.0,0.0,normal,0.211985400004778,1,34.0
S17,19,Mujer,derecha,1,2,visual,10,EXP,90.0,135.0,EXP,1000.0,160.0,0.0,1.0,diferente,0.3591571999713778,1,34.0
S17,19,Mujer,derecha,1,2,visual,11,EXP,0.0,45.0,EXP,1000.0,160.0,0.0,0.0,normal,0.0533537999726831,1,32.0
S17,19,Mujer,derecha,1,2,visual,12,EXP,90.0,135.0,EXP,1000.0,160.0,1.0,0.0,catch,0.8120931999874301,1,32.0
S17,19,Mujer,derecha,1,2,visual,13,EXP,0.0,45.0,EXP,1000.0,160.0,0.0,0.0,normal,0.3790542999631725,1,32.0
S17,19,Mujer,derecha,1,2,visual,14,EXP,90.0,135.0,EXP,1600.0,100.0,0.0,0.0,normal,0.3406377999926917,1,32.0
S17,19,Mujer,derecha,1,2,visual,15,EXP,90.0,135.0,EXP,1600.0,100.0,0.0,1.0,catch,0.2841420999611728,0,32.0
S17,19,Mujer,derecha,1,2,visual,16,EXP,90.0,135.0,EXP,1600.0,100.0,0.0,1.0,diferente,0.1780901000020094,1,34.0
S17,19,Mujer,derecha,1,2,visual,17,EXP,90.0,135.0,VP,1000.0,100.0,0.0,0.0,normal,0.4282119000563398,1,34.0
S17,19,Mujer,derecha,1,2,visual,18,VP,90.0,45.0,EXP,1000.0,160.0,0.0,1.0,catch,0.1242305999621748,0,34.0
S17,19,Mujer,derecha,1,2,visual,19,EXP,0.0,45.0,EXP,1000.0,160.0,0.0,0.0,normal,0.2255634000175632,1,34.0
S17,19,Mujer,derecha,1,2,visual,20,EXP,90.0,135.0,EXP,1600.0,100.0,0.0,0.0,normal,0.0723925000056624,1,34.0
S17,19,Mujer,derecha,1,2,visual,21,EXP,0.0,45.0,EXP,1600.0,100.0,0.0,0.0,normal,0.2947195000015199,1,34.0
S17,19,Mujer,derecha,1,2,visual,22,VP,90.0,45.0,EXP,1000.0,160.0,0.0,0.0,normal,0.2402857999550178,1,34.0
S17,19,Mujer,derecha,1,2,visual,23,EXP,0.0,45.0,EXP,1600.0,100.0,0.0,0.0,normal,0.4485039999708533,1,34.0
S17,19,Mujer,derecha,1,2,visual,24,VP,0.0,135.0,EXP,1000.0,160.0,0.0,1.0,diferente,0.2239074000390246,1,34.0
S17,19,Mujer,derecha,1,2,visual,25,VP,90.0,45.0,EXP,1600.0,100.0,0.0,1.0,diferente,0.438998099998571,1,34.0
S17,19,Mujer,derecha,1,2,visual,26,VP,0.0,135.0,VP,1600.0,160.0,0.0,0.0,normal,0.2491424999898299,1,34.0
S17,19,Mujer,derecha,1,2,visual,27,EXP,0.0,45.0,EXP,1600.0,100.0,0.0,1.0,diferente,0.1990629999781958,1,34.0
S17,19,Mujer,derecha,1,2,visual,28,EXP,90.0,135.0,EXP,1600.0,100.0,0.0,1.0,diferente,0.4628653000108897,1,34.0
S17,19,Mujer,derecha,1,2,visual,29,EXP,0.0,45.0,EXP,1600.0,100.0,0.0,0.0,normal,0.2048921000096015,1,32.0
S17,19,Mujer,derecha,1,2,visual,30,EXP,90.0,135.0,VP,1000.0,100.0,0.0,1.0,diferente,1.0032887000124902,1,32.0
S17,19,Mujer,derecha,1,2,visual,31,EXP,0.0,45.0,EXP,1000.0,160.0,0.0,0.0,normal,0.1229311000206507,1,32.0
S17,19,Mujer,derecha,1,2,visual,32,EXP,0.0,45.0,EXP,1000.0,160.0,0.0,1.0,diferente,0.2953593999845907,1,32.0
S17,19,Mujer,derecha,1,2,visual,33,VP,90.0,45.0,EXP,1600.0,100.0,0.0,0.0,normal,0.108629300026223,1,32.0
S17,19,Mujer,derecha,1,2,visual,34,EXP,90.0,135.0,EXP,1000.0,160.0,0.0,0.0,normal,0.3288751000072807,1,32.0
S17,19,Mujer,derecha,1,2,visual,35,EXP,90.0,135.0,EXP,1000.0,160.0,0.0,0.0,normal,0.1924193000304512,1,32.0
S17,19,Mujer,derecha,1,2,visual,36,EXP,90.0,135.0,VP,1600.0,160.0,0.0,1.0,diferente,0.1215125999879092,1,32.0
S17,19,Mujer,derecha,1,2,visual,37,EXP,0.0,45.0,EXP,1600.0,100.0,0.0,0.0,normal,0.0874887999962084,1,31.0
S17,19,Mujer,derecha,1,2,visual,38,VP,0.0,135.0,EXP,1000.0,160.0,0.0,0.0,normal,0.0269089000066742,1,31.0
S17,19,Mujer,derecha,1,2,visual,39,VP,90.0,45.0,VP,1000.0,100.0,0.0,0.0,normal,0.2614958999911323,1,31.0
S17,19,Mujer,derecha,1,2,visual,40,EXP,90.0,135.0,EXP,1600.0,100.0,2.0,0.0,normal,0.0187020000303164,0,31.0
S17,19,Mujer,derecha,1,2,visual,41,EXP,0.0,45.0,EXP,1000.0,160.0,1.0,0.0,catch,0.0899432000005617,1,31.0
S17,19,Mujer,derecha,1,2,visual,42,EXP,0.0,45.0,EXP,1000.0,160.0,0.0,0.0,normal,0.2634312000009231,1,31.0
S17,19,Mujer,derecha,1,2,visual,43,EXP,0.0,45.0,EXP,1000.0,160.0,0.0,1.0,diferente,0.4121910999529063,1,31.0
S17,19,Mujer,derecha,1,2,visual,44,EXP,90.0,135.0,EXP,1600.0,100.0,0.0,0.0,normal,0.7426042999722995,1,31.0
S17,19,Mujer,derecha,1,2,visual,45,EXP,90.0,135.0,EXP,1600.0,100.0,0.0,0.0,normal,0.0841140000266023,1,31.0
S17,19,Mujer,derecha,1,2,visual,46,EXP,90.0,135.0,EXP,1000.0,160.0,2.0,0.0,catch,0.1960668999818153,1,31.0
S17,19,Mujer,derecha,1,2,visual,47,EXP,0.0,45.0,EXP,1600.0,100.0,0.0,1.0,diferente,0.3177869999781251,1,31.0
S17,19,Mujer,derecha,1,2,visual,48,EXP,90.0,135.0,VP,1600.0,160.0,0.0,0.0,normal,0.1285586000303737,1,31.0
S17,19,Mujer,derecha,1,2,visual,49,EXP,0.0,45.0,EXP,1000.0,160.0,0.0,0.0,normal,0.1872103000059723,1,31.0
S17,19,Mujer,derecha,1,2,visual,50,EXP,0.0,45.0,EXP,1600.0,100.0,0.0,1.0,catch,0.2436675000353716,0,31.0
S17,19,Mujer,derecha,1,2,visual,51,VP,0.0,135.0,EXP,1600.0,100.0,0.0,1.0,diferente,0.2893608000013046,1,32.0
S17,19,Mujer,derecha,1,2,visual,52,VP,0.0,135.0,EXP,1600.0,100.0,0.0,0.0,normal,0.1450373000116087,1,32.0
S17,19,Mujer,derecha,1,2,visual,53,EXP,0.0,45.0,EXP,1000.0,160.0,0.0,0.0,normal,0.1742307000095024,1,32.0
S17,19,Mujer,derecha,1,2,visual,54,EXP,90.0,135.0,EXP,1600.0,100.0,0.0,0.0,normal,0.3206324999919161,1,32.0
S17,19,Mujer,derecha,1,2,visual,55,EXP,90.0,135.0,EXP,1600.0,100.0,1.0,0.0,catch,0.0260949999792501,1,32.0
S17,19,Mujer,derecha,1,2,visual,56,EXP,0.0,45.0,VP,1000.0,100.0,0.0,0.0,normal,0.0923168000299483,1,32.0
S17,19,Mujer,derecha,1,2,visual,57,EXP,0.0,45.0,EXP,1600.0,100.0,0.0,0.0,normal,0.0550497999647632,1,32.0
S17,19,Mujer,derecha,1,2,visual,58,EXP,90.0,135.0,EXP,1600.0,100.0,0.0,0.0,normal,0.0958249000250361,1,32.0
S17,19,Mujer,derecha,1,2,visual,59,EXP,0.0,45.0,EXP,1600.0,100.0,1.0,0.0,catch,0.1649900000193156,1,32.0
S17,19,Mujer,derecha,1,2,visual,60,EXP,0.0,45.0,VP,1600.0,160.0,0.0,1.0,diferente,0.5031742000137456,1,32.0
S17,19,Mujer,derecha,1,2,visual,61,EXP,90.0,135.0,EXP,1000.0,160.0,0.0,0.0,normal,0.2883854999672621,1,32.0
S17,19,Mujer,derecha,1,2,visual,62,EXP,0.0,45.0,EXP,1000.0,160.0,0.0,1.0,diferente,0.5238934000371955,1,32.0
S17,19,Mujer,derecha,1,2,visual,63,VP,90.0,45.0,VP,1600.0,160.0,0.0,0.0,normal,0.0953370999777689,1,32.0
S17,19,Mujer,derecha,1,2,visual,64,EXP,90.0,135.0,EXP,1000.0,160.0,0.0,1.0,diferente,0.3379452999797649,1,32.0
S17,19,Mujer,derecha,1,2,visual,65,EXP,0.0,45.0,EXP,1600.0,100.0,2.0,0.0,catch,0.2631847999873571,1,31.0
S17,19,Mujer,derecha,1,2,visual,66,EXP,90.0,135.0,EXP,1600.0,100.0,0.0,0.0,normal,0.5648416999611072,1,31.0
S17,19,Mujer,derecha,1,2,visual,67,EXP,0.0,45.0,EXP,1000.0,160.0,2.0,0.0,catch,0.0982043999829329,1,31.0
S17,19,Mujer,derecha,1,2,visual,68,VP,0.0,135.0,VP,1000.0,100.0,0.0,1.0,diferente,0.4618762000463903,1,31.0
S17,19,Mujer,derecha,1,2,visual,69,VP,0.0,135.0,VP,1000.0,100.0,0.0,0.0,normal,0.0668471999815665,1,31.0
S17,19,Mujer,derecha,1,2,visual,70,EXP,0.0,45.0,EXP,1600.0,100.0,0.0,0.0,normal,0.2834402000298723,1,31.0
S17,19,Mujer,derecha,1,2,visual,71,VP,90.0,45.0,VP,1600.0,160.0,0.0,1.0,diferente,0.9600517000071704,1,31.0
S17,19,Mujer,derecha,1,3,visual,0,EXP,90.0,135.0,EXP,1600.0,100.0,0.0,0.0,normal,0.3605370999430306,1,31.0
S17,19,Mujer,derecha,1,3,visual,1,VP,90.0,45.0,EXP,1000.0,160.0,0.0,0.0,normal,0.1259850999922491,1,31.0
S17,19,Mujer,derecha,1,3,visual,2,EXP,0.0,45.0,EXP,1000.0,160.0,0.0,0.0,normal,0.6258396000484936,1,31.0
S17,19,Mujer,derecha,1,3,visual,3,EXP,90.0,135.0,EXP,1600.0,100.0,0.0,1.0,diferente,0.0933762000058777,1,31.0
S17,19,Mujer,derecha,1,3,visual,4,EXP,90.0,135.0,EXP,1000.0,160.0,0.0,0.0,normal,0.1879936999757774,1,31.0
S17,19,Mujer,derecha,1,3,visual,5,VP,90.0,45.0,VP,1600.0,160.0,0.0,1.0,diferente,0.2164036000031046,1,31.0
S17,19,Mujer,derecha,1,3,visual,6,EXP,90.0,135.0,EXP,1600.0,100.0,2.0,0.0,diferente,0.1041497999685816,0,31.0
S17,19,Mujer,derecha,1,3,visual,7,EXP,90.0,135.0,EXP,1600.0,100.0,1.0,0.0,catch,0.0486685999785549,1,31.0
S17,19,Mujer,derecha,1,3,visual,8,EXP,90.0,135.0,EXP,1000.0,160.0,0.0,0.0,normal,0.4441171000362374,1,31.0
S17,19,Mujer,derecha,1,3,visual,9,EXP,0.0,45.0,EXP,1000.0,160.0,0.0,0.0,normal,0.2026083000237122,1,31.0
S17,19,Mujer,derecha,1,3,visual,10,EXP,90.0,135.0,EXP,1600.0,100.0,0.0,0.0,normal,0.4329449000069871,1,31.0
S17,19,Mujer,derecha,1,3,visual,11,EXP,0.0,45.0,EXP,1000.0,160.0,0.0,1.0,normal,0.2826284000184387,0,31.0
S17,19,Mujer,derecha,1,3,visual,12,VP,0.0,135.0,EXP,1600.0,100.0,0.0,0.0,normal,0.4157747999997809,1,32.0
S17,19,Mujer,derecha,1,3,visual,13,EXP,0.0,45.0,EXP,1600.0,100.0,0.0,0.0,normal,0.1806660000002011,1,32.0
S17,19,Mujer,derecha,1,3,visual,14,EXP,90.0,135.0,VP,1000.0,100.0,0.0,0.0,normal,0.1435100000235252,1,32.0
S17,19,Mujer,derecha,1,3,visual,15,EXP,90.0,135.0,EXP,1600.0,100.0,0.0,0.0,normal,0.1717373999999836,1,32.0
S17,19,Mujer,derecha,1,3,visual,16,EXP,0.0,45.0,EXP,1000.0,160.0,0.0,0.0,normal,0.1289904000004753,1,32.0
S17,19,Mujer,derecha,1,3,visual,17,EXP,90.0,135.0,EXP,1600.0,100.0,0.0,1.0,diferente,0.6033688000170514,1,32.0
S17,19,Mujer,derecha,1,3,visual,18,EXP,90.0,135.0,EXP,1000.0,160.0,1.0,0.0,catch,0.1052063999813981,1,32.0
S17,19,Mujer,derecha,1,3,visual,19,VP,90.0,45.0,EXP,1600.0,100.0,0.0,1.0,diferente,0.2866992999915965,1,32.0
S17,19,Mujer,derecha,1,3,visual,20,EXP,0.0,45.0,EXP,1000.0,160.0,0.0,0.0,normal,0.1851438999874517,1,32.0
S17,19,Mujer,derecha,1,3,visual,21,VP,0.0,135.0,EXP,1000.0,160.0,0.0,1.0,diferente,0.4698780000326223,1,32.0
S17,19,Mujer,derecha,1,3,visual,22,EXP,0.0,45.0,EXP,1600.0,100.0,0.0,1.0,diferente,0.4015166999888606,1,32.0
S17,19,Mujer,derecha,1,3,visual,23,EXP,90.0,135.0,EXP,1600.0,100.0,0.0,0.0,normal,0.6201555000152439,1,32.0
S17,19,Mujer,derecha,1,3,visual,24,EXP,90.0,135.0,EXP,1000.0,160.0,0.0,0.0,normal,0.2177679000305943,1,32.0
S17,19,Mujer,derecha,1,3,visual,25,VP,90.0,45.0,EXP,1600.0,100.0,0.0,0.0,normal,0.1956851999857463,1,32.0
S17,19,Mujer,derecha,1,3,visual,26,EXP,0.0,45.0,EXP,1000.0,160.0,0.0,1.0,normal,0.1769332000403665,0,32.0
S17,19,Mujer,derecha,1,3,visual,27,EXP,0.0,45.0,EXP,1600.0,100.0,2.0,0.0,catch,0.2243968000402674,1,33.0
S17,19,Mujer,derecha,1,3,visual,28,EXP,90.0,135.0,EXP,1000.0,160.0,0.0,0.0,normal,0.1985416999668814,1,33.0
S17,19,Mujer,derecha,1,3,visual,29,VP,0.0,135.0,VP,1600.0,160.0,0.0,0.0,normal,0.4455133000155911,1,33.0
S17,19,Mujer,derecha,1,3,visual,30,EXP,0.0,45.0,EXP,1600.0,100.0,0.0,1.0,diferente,0.3655572999850847,1,33.0
S17,19,Mujer,derecha,1,3,visual,31,EXP,0.0,45.0,EXP,1000.0,160.0,1.0,0.0,catch,0.1771573000005446,1,33.0
S17,19,Mujer,derecha,1,3,visual,32,EXP,90.0,135.0,EXP,1000.0,160.0,0.0,1.0,diferente,0.2427159000071697,1,33.0
S17,19,Mujer,derecha,1,3,visual,33,VP,90.0,45.0,VP,1000.0,100.0,0.0,0.0,normal,0.4403174999752082,1,33.0
S17,19,Mujer,derecha,1,3,visual,34,VP,90.0,45.0,VP,1600.0,160.0,0.0,0.0,normal,0.2030752000282518,1,33.0
S17,19,Mujer,derecha,1,3,visual,35,VP,0.0,135.0,VP,1600.0,160.0,0.0,1.0,diferente,0.3897056000423617,1,33.0
S17,19,Mujer,derecha,1,3,visual,36,EXP,0.0,45.0,EXP,1000.0,160.0,0.0,0.0,normal,0.375883899978362,1,33.0
S17,19,Mujer,derecha,1,3,visual,37,EXP,90.0,135.0,VP,1600.0,160.0,0.0,0.0,normal,0.3252835999592207,1,33.0
S17,19,Mujer,derecha,1,3,visual,38,EXP,0.0,45.0,EXP,1000.0,160.0,0.0,1.0,diferente,0.2323805000050924,1,33.0
S17,19,Mujer,derecha,1,3,visual,39,EXP,0.0,45.0,EXP,1600.0,100.0,1.0,0.0,catch,0.2107485000160522,1,32.0
S17,19,Mujer,derecha,1,3,visual,40,EXP,0.0,45.0,EXP,1600.0,100.0,0.0,0.0,normal,0.4243904000031762,1,32.0
S17,19,Mujer,derecha,1,3,visual,41,VP,0.0,135.0,VP,1000.0,100.0,0.0,1.0,diferente,0.1211262000142596,1,32.0
S17,19,Mujer,derecha,1,3,visual,42,EXP,0.0,45.0,EXP,1600.0,100.0,0.0,1.0,diferente,0.3145623999880627,1,32.0
S17,19,Mujer,derecha,1,3,visual,43,EXP,90.0,135.0,EXP,1000.0,160.0,0.0,0.0,normal,0.6571984000038356,1,32.0
S17,19,Mujer,derecha,1,3,visual,44,EXP,0.0,45.0,EXP,1600.0,100.0,0.0,0.0,normal,0.2995321999769658,1,32.0
S17,19,Mujer,derecha,1,3,visual,45,EXP,0.0,45.0,VP,1000.0,100.0,0.0,1.0,diferente,0.3262680999469012,1,32.0
S17,19,Mujer,derecha,1,3,visual,46,EXP,0.0,45.0,EXP,1000.0,160.0,0.0,0.0,normal,0.1595884999842383,1,32.0
S17,19,Mujer,derecha,1,3,visual,47,EXP,0.0,45.0,VP,1000.0,100.0,0.0,0.0,normal,0.2313747000298462,1,32.0
S17,19,Mujer,derecha,1,3,visual,48,EXP,90.0,135.0,EXP,1000.0,160.0,0.0,0.0,normal,0.1164466000045649,1,32.0
S17,19,Mujer,derecha,1,3,visual,49,EXP,90.0,135.0,EXP,1600.0,100.0,0.0,0.0,normal,0.2090655000065453,1,32.0
S17,19,Mujer,derecha,1,3,visual,50,EXP,90.0,135.0,EXP,1000.0,160.0,0.0,1.0,diferente,0.2213141999673098,1,32.0
S17,19,Mujer,derecha,1,3,visual,51,EXP,0.0,45.0,VP,1600.0,160.0,0.0,1.0,diferente,0.1018570000305771,1,31.0
S17,19,Mujer,derecha,1,3,visual,52,VP,0.0,135.0,EXP,1600.0,100.0,0.0,1.0,diferente,0.0278026000014506,1,31.0
S17,19,Mujer,derecha,1,3,visual,53,VP,90.0,45.0,EXP,1000.0,160.0,0.0,1.0,diferente,0.2409347000066191,1,31.0
S17,19,Mujer,derecha,1,3,visual,54,EXP,90.0,135.0,EXP,1000.0,160.0,2.0,0.0,catch,0.1948809999739751,1,31.0
S17,19,Mujer,derecha,1,3,visual,55,EXP,0.0,45.0,VP,1600.0,160.0,0.0,0.0,normal,1.4880045999889262,1,31.0
S17,19,Mujer,derecha,1,3,visual,56,VP,0.0,135.0,EXP,1000.0,160.0,0.0,0.0,diferente,0.2495142000261694,0,31.0
S17,19,Mujer,derecha,1,3,visual,57,EXP,0.0,45.0,EXP,1600.0,100.0,0.0,0.0,normal,0.3966567000024952,1,31.0
S17,19,Mujer,derecha,1,3,visual,58,EXP,90.0,135.0,EXP,1600.0,100.0,0.0,0.0,normal,0.1059217000147327,1,31.0
S17,19,Mujer,derecha,1,3,visual,59,EXP,90.0,135.0,EXP,1000.0,160.0,0.0,1.0,diferente,0.1674270000075921,1,31.0
S17,19,Mujer,derecha,1,3,visual,60,EXP,0.0,45.0,EXP,1000.0,160.0,2.0,0.0,normal,0.8859417000203393,0,31.0
S17,19,Mujer,derecha,1,3,visual,61,EXP,0.0,45.0,EXP,1600.0,100.0,0.0,0.0,normal,0.3181751999654807,1,31.0
S17,19,Mujer,derecha,1,3,visual,62,EXP,0.0,45.0,EXP,1600.0,100.0,0.0,0.0,normal,0.0537292000371962,1,31.0
S17,19,Mujer,derecha,1,3,visual,63,EXP,90.0,135.0,VP,1600.0,160.0,0.0,1.0,diferente,0.1358142000390216,1,31.0
S17,19,Mujer,derecha,1,3,visual,64,EXP,90.0,135.0,EXP,1600.0,100.0,0.0,0.0,normal,0.1519124999758787,1,30.0
S17,19,Mujer,derecha,1,3,visual,65,EXP,90.0,135.0,VP,1000.0,100.0,0.0,1.0,normal,0.181014200032223,0,30.0
S17,19,Mujer,derecha,1,3,visual,66,VP,90.0,45.0,VP,1000.0,100.0,0.0,1.0,diferente,0.1865160000161267,1,31.0
S17,19,Mujer,derecha,1,3,visual,67,EXP,0.0,45.0,EXP,1000.0,160.0,0.0,0.0,normal,0.1841766000143252,1,31.0
S17,19,Mujer,derecha,1,3,visual,68,EXP,0.0,45.0,EXP,1600.0,100.0,0.0,0.0,normal,0.447789300000295,1,31.0
S17,19,Mujer,derecha,1,3,visual,69,EXP,90.0,135.0,EXP,1600.0,100.0,0.0,1.0,diferente,0.0371052999980747,1,31.0
S17,19,Mujer,derecha,1,3,visual,70,VP,0.0,135.0,VP,1000.0,100.0,0.0,0.0,diferente,0.1623655000003054,0,31.0
S17,19,Mujer,derecha,1,3,visual,71,EXP,90.0,135.0,EXP,1000.0,160.0,0.0,0.0,normal,0.0597682999796234,1,31.0
S17,19,Mujer,derecha,1,4,visual,0,EXP,0.0,45.0,EXP,1600.0,100.0,2.0,0.0,catch,0.4992797000450082,1,31.0
S17,19,Mujer,derecha,1,4,visual,1,EXP,0.0,45.0,EXP,1000.0,160.0,0.0,0.0,normal,0.0225395999732427,1,31.0
S17,19,Mujer,derecha,1,4,visual,2,EXP,0.0,45.0,VP,1600.0,160.0,0.0,0.0,normal,0.0880477000027895,1,31.0
S17,19,Mujer,derecha,1,4,visual,3,EXP,0.0,45.0,EXP,1000.0,160.0,1.0,0.0,catch,0.0928162999916821,1,31.0
S17,19,Mujer,derecha,1,4,visual,4,EXP,90.0,135.0,VP,1000.0,100.0,0.0,1.0,normal,0.2230433999793604,0,31.0
S17,19,Mujer,derecha,1,4,visual,5,EXP,90.0,135.0,EXP,1600.0,100.0,0.0,0.0,normal,0.1506820999784395,1,32.0
S17,19,Mujer,derecha,1,4,visual,6,EXP,90.0,135.0,EXP,1000.0,160.0,0.0,0.0,normal,0.2107536999974399,1,32.0
S17,19,Mujer,derecha,1,4,visual,7,EXP,90.0,135.0,EXP,1000.0,160.0,0.0,0.0,normal,0.0441154000000096,1,32.0
S17,19,Mujer,derecha,1,4,visual,8,VP,90.0,45.0,EXP,1000.0,160.0,0.0,1.0,diferente,0.2909471999737434,1,32.0
S17,19,Mujer,derecha,1,4,visual,9,VP,0.0,135.0,EXP,1600.0,100.0,0.0,0.0,normal,0.1563093999866396,1,32.0
S17,19,Mujer,derecha,1,4,visual,10,EXP,0.0,45.0,VP,1000.0,100.0,0.0,0.0,normal,0.1581327999592758,1,32.0
S17,19,Mujer,derecha,1,4,visual,11,EXP,90.0,135.0,EXP,1600.0,100.0,0.0,0.0,normal,0.219228399975691,1,32.0
S17,19,Mujer,derecha,1,4,visual,12,EXP,0.0,45.0,EXP,1600.0,100.0,0.0,1.0,diferente,0.1402926999726332,1,32.0
S17,19,Mujer,derecha,1,4,visual,13,EXP,0.0,45.0,EXP,1600.0,100.0,0.0,0.0,normal,0.1075630999985151,1,32.0
S17,19,Mujer,derecha,1,4,visual,14,EXP,90.0,135.0,EXP,1600.0,100.0,0.0,1.0,diferente,0.0597383000422269,1,32.0
S17,19,Mujer,derecha,1,4,visual,15,EXP,0.0,45.0,VP,1000.0,100.0,0.0,1.0,normal,0.3017338000354357,0,32.0
S17,19,Mujer,derecha,1,4,visual,16,VP,90.0,45.0,VP,1600.0,160.0,0.0,0.0,normal,0.3799337999662384,1,33.0
S17,19,Mujer,derecha,1,4,visual,17,EXP,0.0,45.0,EXP,1600.0,100.0,0.0,0.0,normal,0.1068321999628096,1,33.0
S17,19,Mujer,derecha,1,4,visual,18,EXP,0.0,45.0,EXP,1000.0,160.0,0.0,1.0,normal,0.0962366000167094,0,33.0
S17,19,Mujer,derecha,1,4,visual,19,VP,0.0,135.0,VP,1600.0,160.0,0.0,1.0,diferente,0.1949265000293962,1,34.0
S17,19,Mujer,derecha,1,4,visual,20,EXP,90.0,135.0,EXP,1600.0,100.0,1.0,0.0,catch,0.1825564999599009,1,34.0
S17,19,Mujer,derecha,1,4,visual,21,EXP,0.0,45.0,EXP,1000.0,160.0,0.0,0.0,normal,0.1359885999700054,1,34.0
S17,19,Mujer,derecha,1,4,visual,22,EXP,0.0,45.0,EXP,1600.0,100.0,1.0,0.0,catch,0.1189276999793946,1,34.0
S17,19,Mujer,derecha,1,4,visual,23,EXP,0.0,45.0,EXP,1000.0,160.0,0.0,0.0,normal,0.287157799990382,1,34.0
S17,19,Mujer,derecha,1,4,visual,24,EXP,90.0,135.0,VP,1000.0,100.0,0.0,0.0,normal,0.3495661999913864,1,34.0
S17,19,Mujer,derecha,1,4,visual,25,EXP,0.0,45.0,EXP,1600.0,100.0,0.0,0.0,normal,0.2461021000053733,1,34.0
S17,19,Mujer,derecha,1,4,visual,26,EXP,90.0,135.0,EXP,1000.0,160.0,0.0,0.0,normal,0.107581400021445,1,34.0
S17,19,Mujer,derecha,1,4,visual,27,EXP,0.0,45.0,EXP,1000.0,160.0,0.0,0.0,normal,0.258452300040517,1,34.0
S17,19,Mujer,derecha,1,4,visual,28,EXP,0.0,45.0,EXP,1600.0,100.0,0.0,0.0,normal,0.4180226000025868,1,34.0
S17,19,Mujer,derecha,1,4,visual,29,EXP,90.0,135.0,EXP,1000.0,160.0,0.0,0.0,normal,0.3289298999588936,1,34.0
S17,19,Mujer,derecha,1,4,visual,30,EXP,90.0,135.0,VP,1600.0,160.0,0.0,1.0,catch,0.2685480000218376,0,34.0
S17,19,Mujer,derecha,1,4,visual,31,VP,90.0,45.0,VP,1000.0,100.0,0.0,0.0,normal,0.0407787999720312,1,35.0
S17,19,Mujer,derecha,1,4,visual,32,VP,0.0,135.0,EXP,1000.0,160.0,0.0,1.0,diferente,0.1594999999506399,1,35.0
S17,19,Mujer,derecha,1,4,visual,33,VP,0.0,135.0,VP,1600.0,160.0,0.0,0.0,normal,0.2437562000122852,1,35.0
S17,19,Mujer,derecha,1,4,visual,34,EXP,0.0,45.0,EXP,1000.0,160.0,2.0,0.0,catch,0.1850105000194162,1,35.0
S17,19,Mujer,derecha,1,4,visual,35,EXP,90.0,135.0,EXP,1000.0,160.0,0.0,1.0,diferente,0.2693133000284433,1,35.0
S17,19,Mujer,derecha,1,4,visual,36,EXP,0.0,45.0,EXP,1600.0,100.0,0.0,0.0,normal,0.4462716999696567,1,35.0
S17,19,Mujer,derecha,1,4,visual,37,EXP,90.0,135.0,EXP,1000.0,160.0,0.0,0.0,diferente,0.3445281999884173,0,35.0
S17,19,Mujer,derecha,1,4,visual,38,EXP,90.0,135.0,VP,1600.0,160.0,0.0,0.0,normal,0.0604841000167652,1,35.0
S17,19,Mujer,derecha,1,4,visual,39,EXP,90.0,135.0,EXP,1600.0,100.0,0.0,0.0,normal,0.3753081000177189,1,35.0
S17,19,Mujer,derecha,1,4,visual,40,VP,90.0,45.0,VP,1000.0,100.0,0.0,1.0,diferente,0.3041456000064499,1,35.0
S17,19,Mujer,derecha,1,4,visual,41,EXP,90.0,135.0,EXP,1000.0,160.0,0.0,0.0,normal,0.2574595999903977,1,35.0
S17,19,Mujer,derecha,1,4,visual,42,EXP,90.0,135.0,EXP,1600.0,100.0,0.0,0.0,normal,0.1020680000074207,1,35.0
S17,19,Mujer,derecha,1,4,visual,43,EXP,90.0,135.0,EXP,1000.0,160.0,0.0,1.0,diferente,0.0723757999949157,1,35.0
S17,19,Mujer,derecha,1,4,visual,44,EXP,0.0,45.0,EXP,1000.0,160.0,0.0,0.0,normal,0.1522906000027433,1,35.0
S17,19,Mujer,derecha,1,4,visual,45,EXP,90.0,135.0,EXP,1600.0,100.0,2.0,0.0,catch,0.2173219000105746,1,35.0
S17,19,Mujer,derecha,1,4,visual,46,VP,0.0,135.0,VP,1000.0,100.0,0.0,1.0,normal,0.2262799000018276,0,35.0
S17,19,Mujer,derecha,1,4,visual,47,VP,90.0,45.0,VP,1600.0,160.0,0.0,1.0,diferente,0.4833492000470869,1,35.0
S17,19,Mujer,derecha,1,4,visual,48,EXP,0.0,45.0,EXP,1600.0,100.0,0.0,0.0,normal,0.1036127000115811,1,35.0
S17,19,Mujer,derecha,1,4,visual,49,EXP,0.0,45.0,EXP,1000.0,160.0,0.0,0.0,normal,0.1982428999617695,1,35.0
S17,19,Mujer,derecha,1,4,visual,50,VP,0.0,135.0,EXP,1600.0,100.0,0.0,1.0,diferente,0.113582200021483,1,35.0
S17,19,Mujer,derecha,1,4,visual,51,EXP,90.0,135.0,EXP,1600.0,100.0,0.0,1.0,diferente,0.0294883000315167,1,35.0
S17,19,Mujer,derecha,1,4,visual,52,EXP,90.0,135.0,EXP,1000.0,160.0,0.0,1.0,normal,0.3172456999891437,0,34.0
S17,19,Mujer,derecha,1,4,visual,53,EXP,0.0,45.0,EXP,1000.0,160.0,0.0,1.0,normal,0.2411542999907396,0,35.0
S17,19,Mujer,derecha,1,4,visual,54,EXP,0.0,45.0,VP,1600.0,160.0,0.0,1.0,normal,0.18334310001228,0,36.0
S17,19,Mujer,derecha,1,4,visual,55,EXP,90.0,135.0,EXP,1000.0,160.0,0.0,0.0,normal,0.9519023999455384,1,37.0
S17,19,Mujer,derecha,1,4,visual,56,EXP,90.0,135.0,EXP,1000.0,160.0,2.0,0.0,catch,0.3790693000191822,1,37.0
S17,19,Mujer,derecha,1,4,visual,57,EXP,0.0,45.0,EXP,1000.0,160.0,0.0,0.0,normal,0.2515642999787815,1,37.0
S17,19,Mujer,derecha,1,4,visual,58,VP,90.0,45.0,EXP,1600.0,100.0,0.0,0.0,normal,0.1263213999918662,1,37.0
S17,19,Mujer,derecha,1,4,visual,59,EXP,0.0,45.0,EXP,1600.0,100.0,0.0,0.0,normal,0.0433819000027142,1,37.0
S17,19,Mujer,derecha,1,4,visual,60,EXP,90.0,135.0,EXP,1600.0,100.0,0.0,0.0,normal,0.8660189000074752,1,37.0
S17,19,Mujer,derecha,1,4,visual,61,VP,0.0,135.0,EXP,1000.0,160.0,0.0,0.0,normal,0.1650358000188134,1,37.0
S17,19,Mujer,derecha,1,4,visual,62,EXP,90.0,135.0,EXP,1000.0,160.0,1.0,0.0,catch,0.2225972999585792,1,37.0
S17,19,Mujer,derecha,1,4,visual,63,VP,90.0,45.0,EXP,1000.0,160.0,0.0,0.0,normal,0.0795034000184387,1,37.0
S17,19,Mujer,derecha,1,4,visual,64,EXP,90.0,135.0,EXP,1600.0,100.0,0.0,0.0,normal,0.2108216999913565,1,37.0
S17,19,Mujer,derecha,1,4,visual,65,EXP,0.0,45.0,EXP,1600.0,100.0,0.0,1.0,diferente,0.6018787999637425,1,37.0
S17,19,Mujer,derecha,1,4,visual,66,EXP,90.0,135.0,EXP,1600.0,100.0,0.0,0.0,normal,0.0565475999610498,1,37.0
S17,19,Mujer,derecha,1,4,visual,67,EXP,0.0,45.0,EXP,1600.0,100.0,0.0,1.0,diferente,0.1966338999918662,1,37.0
S17,19,Mujer,derecha,1,4,visual,68,EXP,90.0,135.0,EXP,1600.0,100.0,0.0,1.0,diferente,0.0669350000098347,1,37.0
S17,19,Mujer,derecha,1,4,visual,69,EXP,0.0,45.0,EXP,1000.0,160.0,0.0,1.0,diferente,0.265192000020761,1,36.0
S17,19,Mujer,derecha,1,4,visual,70,VP,90.0,45.0,EXP,1600.0,100.0,0.0,1.0,diferente,0.1209231999819167,1,36.0
S17,19,Mujer,derecha,1,4,visual,71,VP,0.0,135.0,VP,1000.0,100.0,0.0,0.0,normal,0.3345390000031329,1,36.0
S17,19,Mujer,derecha,1,5,visual,0,EXP,0.0,45.0,EXP,1000.0,160.0,0.0,0.0,normal,0.2335298000252805,1,36.0
S17,19,Mujer,derecha,1,5,visual,1,EXP,0.0,45.0,EXP,1600.0,100.0,0.0,1.0,diferente,0.1556227999972179,1,36.0
S17,19,Mujer,derecha,1,5,visual,2,EXP,0.0,45.0,VP,1000.0,100.0,0.0,0.0,normal,0.1668657000409439,1,36.0
S17,19,Mujer,derecha,1,5,visual,3,EXP,90.0,135.0,EXP,1600.0,100.0,0.0,1.0,diferente,0.0607046000077389,1,36.0
S17,19,Mujer,derecha,1,5,visual,4,VP,90.0,45.0,VP,1000.0,100.0,0.0,1.0,diferente,0.2118029000121168,1,35.0
S17,19,Mujer,derecha,1,5,visual,5,EXP,90.0,135.0,VP,1000.0,100.0,0.0,1.0,diferente,0.0487790000042878,1,35.0
S17,19,Mujer,derecha,1,5,visual,6,VP,90.0,45.0,EXP,1000.0,160.0,0.0,1.0,diferente,0.1304028000449761,1,35.0
S17,19,Mujer,derecha,1,5,visual,7,EXP,0.0,45.0,EXP,1000.0,160.0,0.0,0.0,normal,0.0170893000322394,1,35.0
S17,19,Mujer,derecha,1,5,visual,8,EXP,0.0,45.0,EXP,1600.0,100.0,2.0,0.0,catch,0.2467253999784588,1,35.0
S17,19,Mujer,derecha,1,5,visual,9,EXP,0.0,45.0,EXP,1000.0,160.0,0.0,1.0,diferente,0.201761299977079,1,35.0
S17,19,Mujer,derecha,1,5,visual,10,VP,90.0,45.0,EXP,1600.0,100.0,0.0,1.0,diferente,0.4360068999812938,1,35.0
S17,19,Mujer,derecha,1,5,visual,11,EXP,90.0,135.0,VP,1000.0,100.0,0.0,0.0,normal,0.4059547000215389,1,35.0
S17,19,Mujer,derecha,1,5,visual,12,EXP,90.0,135.0,EXP,1000.0,160.0,0.0,1.0,diferente,0.2121450999984517,1,35.0
S17,19,Mujer,derecha,1,5,visual,13,EXP,90.0,135.0,EXP,1000.0,160.0,0.0,0.0,normal,0.1973963000345975,1,34.0
S17,19,Mujer,derecha,1,5,visual,14,EXP,90.0,135.0,EXP,1000.0,160.0,0.0,0.0,normal,0.0937608000240288,1,34.0
S17,19,Mujer,derecha,1,5,visual,15,EXP,0.0,45.0,EXP,1600.0,100.0,0.0,0.0,normal,0.0941225999849848,1,34.0
S17,19,Mujer,derecha,1,5,visual,16,EXP,90.0,135.0,EXP,1000.0,160.0,2.0,0.0,catch,0.25400160002755,1,34.0
S17,19,Mujer,derecha,1,5,visual,17,VP,90.0,45.0,EXP,1000.0,160.0,0.0,0.0,normal,0.1345287999720312,1,34.0
S17,19,Mujer,derecha,1,5,visual,18,EXP,0.0,45.0,EXP,1000.0,160.0,2.0,0.0,catch,0.1836842999910004,1,34.0
S17,19,Mujer,derecha,1,5,visual,19,EXP,0.0,45.0,EXP,1000.0,160.0,0.0,0.0,normal,0.1280233000288717,1,34.0
S17,19,Mujer,derecha,1,5,visual,20,EXP,90.0,135.0,EXP,1600.0,100.0,0.0,1.0,diferente,0.2692932999925688,1,34.0
S17,19,Mujer,derecha,1,5,visual,21,EXP,0.0,45.0,EXP,1600.0,100.0,0.0,0.0,normal,0.1780842000152915,1,34.0
S17,19,Mujer,derecha,1,5,visual,22,EXP,90.0,135.0,EXP,1600.0,100.0,0.0,0.0,diferente,0.481928399996832,0,34.0
S17,19,Mujer,derecha,1,5,visual,23,EXP,90.0,135.0,EXP,1600.0,100.0,0.0,0.0,normal,0.2138710000435821,1,34.0
S17,19,Mujer,derecha,1,5,visual,24,EXP,90.0,135.0,EXP,1600.0,100.0,2.0,0.0,catch,0.1575723999994807,1,34.0
S17,19,Mujer,derecha,1,5,visual,25,EXP,0.0,45.0,VP,1600.0,160.0,0.0,0.0,normal,0.1617540000006556,1,34.0
S17,19,Mujer,derecha,1,5,visual,26,EXP,0.0,45.0,EXP,1000.0,160.0,0.0,0.0,normal,0.1848849999951198,1,34.0
S17,19,Mujer,derecha,1,5,visual,27,EXP,0.0,45.0,VP,1600.0,160.0,0.0,1.0,diferente,0.213950700010173,1,34.0
S17,19,Mujer,derecha,1,5,visual,28,VP,0.0,135.0,VP,1000.0,100.0,0.0,0.0,normal,0.099249500024598,1,34.0
S17,19,Mujer,derecha,1,5,visual,29,EXP,90.0,135.0,VP,1600.0,160.0,0.0,1.0,catch,0.3020492999930866,0,34.0
S17,19,Mujer,derecha,1,5,visual,30,EXP,90.0,135.0,EXP,1600.0,100.0,0.0,0.0,normal,0.2343258000328205,1,35.0
S17,19,Mujer,derecha,1,5,visual,31,EXP,0.0,45.0,VP,1000.0,100.0,0.0,1.0,diferente,0.090377599990461,1,35.0
S17,19,Mujer,derecha,1,5,visual,32,EXP,0.0,45.0,EXP,1600.0,100.0,0.0,0.0,normal,0.0409101999830454,1,35.0
S17,19,Mujer,derecha,1,5,visual,33,EXP,90.0,135.0,EXP,1600.0,100.0,0.0,0.0,normal,0.0735018000123091,1,35.0
S17,19,Mujer,derecha,1,5,visual,34,EXP,90.0,135.0,EXP,1000.0,160.0,0.0,1.0,diferente,0.1374533000052906,1,35.0
S17,19,Mujer,derecha,1,5,visual,35,EXP,0.0,45.0,EXP,1600.0,100.0,0.0,0.0,normal,0.3964349999441765,1,35.0
S17,19,Mujer,derecha,1,5,visual,36,EXP,90.0,135.0,EXP,1000.0,160.0,0.0,0.0,normal,0.1995351000223308,1,35.0
S17,19,Mujer,derecha,1,5,visual,37,EXP,0.0,45.0,EXP,1600.0,100.0,1.0,0.0,catch,0.2140647000051103,1,35.0
S17,19,Mujer,derecha,1,5,visual,38,EXP,90.0,135.0,EXP,1000.0,160.0,1.0,0.0,catch,0.1546404999680817,1,35.0
S17,19,Mujer,derecha,1,5,visual,39,EXP,0.0,45.0,EXP,1000.0,160.0,0.0,1.0,diferente,0.1527829000260681,1,35.0
S17,19,Mujer,derecha,1,5,visual,40,EXP,0.0,45.0,EXP,1000.0,160.0,0.0,0.0,normal,0.7852856000536121,1,34.0
S17,19,Mujer,derecha,1,5,visual,41,EXP,0.0,45.0,EXP,1000.0,160.0,0.0,1.0,diferente,0.0815850999788381,1,34.0
S17,19,Mujer,derecha,1,5,visual,42,EXP,90.0,135.0,EXP,1000.0,160.0,0.0,0.0,normal,0.1656314000138081,1,34.0
S17,19,Mujer,derecha,1,5,visual,43,EXP,90.0,135.0,EXP,1600.0,100.0,0.0,0.0,normal,0.3736339000170119,1,34.0
S17,19,Mujer,derecha,1,5,visual,44,EXP,0.0,45.0,EXP,1600.0,100.0,0.0,0.0,normal,0.3952847000327892,1,34.0
S17,19,Mujer,derecha,1,5,visual,45,VP,90.0,45.0,VP,1600.0,160.0,0.0,1.0,diferente,0.5862941000377759,1,34.0
S17,19,Mujer,derecha,1,5,visual,46,EXP,90.0,135.0,EXP,1000.0,160.0,0.0,0.0,normal,0.3458894999930635,1,34.0
S17,19,Mujer,derecha,1,5,visual,47,VP,0.0,135.0,VP,1600.0,160.0,0.0,0.0,normal,0.1362893999903462,1,34.0
S17,19,Mujer,derecha,1,5,visual,48,VP,0.0,135.0,EXP,1600.0,100.0,0.0,0.0,normal,0.0956599999917671,1,34.0
S17,19,Mujer,derecha,1,5,visual,49,VP,0.0,135.0,VP,1000.0,100.0,0.0,1.0,diferente,0.0602966999867931,1,34.0
S17,19,Mujer,derecha,1,5,visual,50,EXP,0.0,45.0,EXP,1600.0,100.0,0.0,1.0,diferente,0.3694245999795384,1,34.0
S17,19,Mujer,derecha,1,5,visual,51,EXP,0.0,45.0,EXP,1600.0,100.0,0.0,1.0,diferente,0.2121053999871947,1,34.0
S17,19,Mujer,derecha,1,5,visual,52,EXP,90.0,135.0,EXP,1000.0,160.0,0.0,0.0,normal,0.1480585999670438,1,33.0
S17,19,Mujer,derecha,1,5,visual,53,EXP,90.0,135.0,EXP,1600.0,100.0,0.0,0.0,normal,0.3362528000143356,1,33.0
S17,19,Mujer,derecha,1,5,visual,54,EXP,0.0,45.0,EXP,1600.0,100.0,0.0,0.0,normal,0.1132667000056244,1,33.0
S17,19,Mujer,derecha,1,5,visual,55,VP,0.0,135.0,VP,1600.0,160.0,0.0,1.0,diferente,0.1487425999948755,1,33.0
S17,19,Mujer,derecha,1,5,visual,56,VP,0.0,135.0,EXP,1000.0,160.0,0.0,1.0,diferente,0.0353896999731659,1,33.0
S17,19,Mujer,derecha,1,5,visual,57,VP,90.0,45.0,VP,1000.0,100.0,0.0,0.0,normal,0.0698559999582357,1,33.0
S17,19,Mujer,derecha,1,5,visual,58,EXP,90.0,135.0,EXP,1600.0,100.0,0.0,1.0,diferente,0.0394583000452257,1,33.0
S17,19,Mujer,derecha,1,5,visual,59,VP,0.0,135.0,EXP,1000.0,160.0,0.0,0.0,normal,0.3184157999930903,1,33.0
S17,19,Mujer,derecha,1,5,visual,60,EXP,90.0,135.0,EXP,1000.0,160.0,0.0,1.0,diferente,0.3565641000168398,1,33.0
S17,19,Mujer,derecha,1,5,visual,61,EXP,0.0,45.0,EXP,1000.0,160.0,0.0,0.0,normal,0.0576083000050857,1,33.0
S17,19,Mujer,derecha,1,5,visual,62,EXP,90.0,135.0,EXP,1600.0,100.0,1.0,0.0,catch,0.2426120999734848,1,33.0
S17,19,Mujer,derecha,1,5,visual,63,EXP,90.0,135.0,VP,1600.0,160.0,0.0,0.0,normal,0.4900983999832533,1,33.0
S17,19,Mujer,derecha,1,5,visual,64,EXP,0.0,45.0,EXP,1000.0,160.0,1.0,0.0,catch,0.1349946000264026,1,33.0
S17,19,Mujer,derecha,1,5,visual,65,EXP,90.0,135.0,EXP,1000.0,160.0,0.0,0.0,normal,0.2606471999897621,1,33.0
S17,19,Mujer,derecha,1,5,visual,66,VP,90.0,45.0,VP,1600.0,160.0,0.0,0.0,normal,0.1075458999839611,1,33.0
S17,19,Mujer,derecha,1,5,visual,67,VP,90.0,45.0,EXP,1600.0,100.0,0.0,0.0,normal,0.4083738999906927,1,33.0
S17,19,Mujer,derecha,1,5,visual,68,VP,0.0,135.0,EXP,1600.0,100.0,0.0,1.0,diferente,0.4519492000108585,1,33.0
S17,19,Mujer,derecha,1,5,visual,69,EXP,90.0,135.0,EXP,1600.0,100.0,0.0,0.0,normal,0.0895933999563567,1,33.0
S17,19,Mujer,derecha,1,5,visual,70,EXP,0.0,45.0,EXP,1000.0,160.0,0.0,0.0,normal,0.1129919000086374,1,33.0
S17,19,Mujer,derecha,1,5,visual,71,EXP,0.0,45.0,EXP,1600.0,100.0,0.0,0.0,normal,0.1467238999903202,1,33.0
S17,19,Mujer,derecha,1,6,visual,0,VP,0.0,135.0,VP,1000.0,100.0,0.0,1.0,diferente,1.2530344999977387,1,33.0
S17,19,Mujer,derecha,1,6,visual,1,EXP,0.0,45.0,EXP,1000.0,160.0,0.0,0.0,normal,0.0672129999729804,1,33.0
S17,19,Mujer,derecha,1,6,visual,2,EXP,90.0,135.0,EXP,1600.0,100.0,0.0,1.0,diferente,0.2019623999949544,1,33.0
S17,19,Mujer,derecha,1,6,visual,3,EXP,0.0,45.0,EXP,1000.0,160.0,0.0,0.0,normal,0.2129407000029459,1,32.0
S17,19,Mujer,derecha,1,6,visual,4,EXP,90.0,135.0,EXP,1000.0,160.0,0.0,0.0,normal,0.1974717000266537,1,32.0
S17,19,Mujer,derecha,1,6,visual,5,EXP,0.0,45.0,EXP,1000.0,160.0,0.0,1.0,diferente,0.0841921999817714,1,32.0
S17,19,Mujer,derecha,1,6,visual,6,EXP,90.0,135.0,EXP,1600.0,100.0,0.0,0.0,normal,0.2207531000021845,1,32.0
S17,19,Mujer,derecha,1,6,visual,7,EXP,0.0,45.0,EXP,1600.0,100.0,0.0,0.0,normal,0.3350462000234984,1,32.0
S17,19,Mujer,derecha,1,6,visual,8,EXP,90.0,135.0,EXP,1000.0,160.0,0.0,0.0,normal,0.060834799951408,1,32.0
S17,19,Mujer,derecha,1,6,visual,9,EXP,0.0,45.0,EXP,1000.0,160.0,1.0,0.0,catch,0.1144802999915555,1,32.0
S17,19,Mujer,derecha,1,6,visual,10,EXP,90.0,135.0,EXP,1600.0,100.0,0.0,1.0,diferente,0.0943756999913603,1,32.0
S17,19,Mujer,derecha,1,6,visual,11,EXP,0.0,45.0,EXP,1000.0,160.0,0.0,1.0,diferente,0.1220389999798499,1,32.0
S17,19,Mujer,derecha,1,6,visual,12,EXP,0.0,45.0,EXP,1000.0,160.0,0.0,0.0,normal,0.0550245000049471,1,31.0
S17,19,Mujer,derecha,1,6,visual,13,EXP,0.0,45.0,EXP,1600.0,100.0,0.0,0.0,normal,0.0740328999818302,1,31.0
S17,19,Mujer,derecha,1,6,visual,14,VP,90.0,45.0,VP,1000.0,100.0,0.0,0.0,normal,0.1006946000270545,1,31.0
S17,19,Mujer,derecha,1,6,visual,15,EXP,90.0,135.0,VP,1600.0,160.0,0.0,0.0,normal,0.1731923000188544,1,31.0
S17,19,Mujer,derecha,1,6,visual,16,EXP,0.0,45.0,EXP,1000.0,160.0,0.0,0.0,normal,0.3732360000140033,1,31.0
S17,19,Mujer,derecha,1,6,visual,17,EXP,0.0,45.0,EXP,1000.0,160.0,0.0,0.0,normal,0.0809883000329136,1,31.0
S17,19,Mujer,derecha,1,6,visual,18,EXP,90.0,135.0,EXP,1000.0,160.0,0.0,1.0,normal,0.2660054999869317,0,31.0
S17,19,Mujer,derecha,1,6,visual,19,EXP,0.0,45.0,VP,1600.0,160.0,0.0,1.0,normal,0.1491711999988183,0,32.0
S17,19,Mujer,derecha,1,6,visual,20,EXP,90.0,135.0,VP,1000.0,100.0,0.0,0.0,normal,0.1350670999963767,1,33.0
S17,19,Mujer,derecha,1,6,visual,21,EXP,90.0,135.0,EXP,1000.0,160.0,0.0,0.0,normal,0.0710177999571897,1,33.0
S17,19,Mujer,derecha,1,6,visual,22,EXP,90.0,135.0,EXP,1600.0,100.0,0.0,0.0,normal,0.2450831999885849,1,33.0
S17,19,Mujer,derecha,1,6,visual,23,VP,0.0,135.0,EXP,1600.0,100.0,0.0,1.0,diferente,0.2072111000306904,1,33.0
S17,19,Mujer,derecha,1,6,visual,24,EXP,0.0,45.0,EXP,1600.0,100.0,0.0,0.0,normal,0.0816214000224135,1,33.0
S17,19,Mujer,derecha,1,6,visual,25,VP,0.0,135.0,VP,1600.0,160.0,0.0,1.0,diferente,0.1990408999845385,1,33.0
S17,19,Mujer,derecha,1,6,visual,26,EXP,0.0,45.0,VP,1000.0,100.0,0.0,0.0,normal,0.1130323000252246,1,33.0
S17,19,Mujer,derecha,1,6,visual,27,EXP,90.0,135.0,EXP,1600.0,100.0,0.0,0.0,normal,0.1641448000445962,1,33.0
S17,19,Mujer,derecha,1,6,visual,28,EXP,90.0,135.0,EXP,1000.0,160.0,0.0,0.0,normal,0.1068416999769397,1,33.0
S17,19,Mujer,derecha,1,6,visual,29,EXP,90.0,135.0,EXP,1000.0,160.0,2.0,0.0,catch,0.2114765000296756,1,33.0
S17,19,Mujer,derecha,1,6,visual,30,VP,90.0,45.0,EXP,1000.0,160.0,0.0,1.0,normal,0.2017908000270836,0,33.0
S17,19,Mujer,derecha,1,6,visual,31,EXP,90.0,135.0,EXP,1000.0,160.0,0.0,1.0,diferente,0.5793528000358492,1,33.0
S17,19,Mujer,derecha,1,6,visual,32,VP,0.0,135.0,EXP,1600.0,100.0,0.0,0.0,normal,0.1577772999880835,1,33.0
S17,19,Mujer,derecha,1,6,visual,33,EXP,0.0,45.0,EXP,1600.0,100.0,0.0,1.0,diferente,0.189134299987927,1,33.0
S17,19,Mujer,derecha,1,6,visual,34,EXP,0.0,45.0,VP,1600.0,160.0,0.0,0.0,normal,0.0889238999807275,1,33.0
S17,19,Mujer,derecha,1,6,visual,35,VP,90.0,45.0,EXP,1000.0,160.0,0.0,0.0,normal,0.0584923999849706,1,33.0
S17,19,Mujer,derecha,1,6,visual,36,EXP,90.0,135.0,EXP,1000.0,160.0,0.0,0.0,diferente,0.1345746000297367,0,33.0
S17,19,Mujer,derecha,1,6,visual,37,VP,0.0,135.0,EXP,1000.0,160.0,0.0,0.0,normal,0.0298310000216588,1,33.0
S17,19,Mujer,derecha,1,6,visual,38,EXP,0.0,45.0,EXP,1600.0,100.0,1.0,0.0,catch,0.06419340003049,1,33.0
S17,19,Mujer,derecha,1,6,visual,39,EXP,90.0,135.0,EXP,1000.0,160.0,1.0,0.0,catch,0.0973918000236153,1,33.0
S17,19,Mujer,derecha,1,6,visual,40,EXP,0.0,45.0,EXP,1600.0,100.0,0.0,1.0,catch,0.348136999993585,0,33.0
S17,19,Mujer,derecha,1,6,visual,41,VP,0.0,135.0,VP,1000.0,100.0,0.0,0.0,diferente,0.6277848999598064,0,34.0
S17,19,Mujer,derecha,1,6,visual,42,EXP,0.0,45.0,EXP,1600.0,100.0,0.0,0.0,normal,0.6056455000070855,1,34.0
S17,19,Mujer,derecha,1,6,visual,43,EXP,0.0,45.0,EXP,1000.0,160.0,0.0,0.0,normal,0.6549071000190452,1,34.0
S17,19,Mujer,derecha,1,6,visual,44,VP,90.0,45.0,VP,1000.0,100.0,0.0,1.0,diferente,0.3776705000200309,1,34.0
S17,19,Mujer,derecha,1,6,visual,45,EXP,90.0,135.0,EXP,1600.0,100.0,0.0,0.0,normal,0.8545230999588966,1,34.0
S17,19,Mujer,derecha,1,6,visual,46,EXP,90.0,135.0,EXP,1600.0,100.0,0.0,0.0,normal,0.1662238000426441,1,34.0
S17,19,Mujer,derecha,1,6,visual,47,VP,90.0,45.0,EXP,1600.0,100.0,0.0,0.0,normal,0.0943359999801032,1,34.0
S17,19,Mujer,derecha,1,6,visual,48,EXP,90.0,135.0,VP,1600.0,160.0,0.0,1.0,diferente,0.7020135000348091,1,34.0
S17,19,Mujer,derecha,1,6,visual,49,EXP,0.0,45.0,EXP,1600.0,100.0,2.0,0.0,normal,0.1409132999833673,0,34.0
S17,19,Mujer,derecha,1,6,visual,50,VP,90.0,45.0,EXP,1600.0,100.0,0.0,1.0,diferente,0.6085379000287503,1,34.0
S17,19,Mujer,derecha,1,6,visual,51,EXP,90.0,135.0,VP,1000.0,100.0,0.0,1.0,diferente,0.1372411000193096,1,34.0
S17,19,Mujer,derecha,1,6,visual,52,EXP,90.0,135.0,EXP,1000.0,160.0,0.0,0.0,normal,0.7258610000135377,1,34.0
S17,19,Mujer,derecha,1,6,visual,53,VP,0.0,135.0,EXP,1000.0,160.0,0.0,1.0,diferente,0.4573142000008374,1,34.0
S17,19,Mujer,derecha,1,6,visual,54,EXP,0.0,45.0,EXP,1600.0,100.0,0.0,0.0,normal,0.1226174000184983,1,34.0
S17,19,Mujer,derecha,1,6,visual,55,EXP,0.0,45.0,EXP,1000.0,160.0,0.0,0.0,normal,0.1171734000090509,1,34.0
S17,19,Mujer,derecha,1,6,visual,56,EXP,90.0,135.0,EXP,1600.0,100.0,1.0,0.0,catch,0.1757687000208534,1,34.0
S17,19,Mujer,derecha,1,6,visual,57,EXP,90.0,135.0,EXP,1600.0,100.0,2.0,0.0,catch,0.5330260000191629,1,34.0
S17,19,Mujer,derecha,1,6,visual,58,EXP,0.0,45.0,EXP,1600.0,100.0,0.0,0.0,normal,0.0540580000379122,1,34.0
S17,19,Mujer,derecha,1,6,visual,59,EXP,0.0,45.0,VP,1000.0,100.0,0.0,1.0,diferente,0.5153223000233993,1,34.0
S17,19,Mujer,derecha,1,6,visual,60,EXP,0.0,45.0,EXP,1000.0,160.0,0.0,1.0,diferente,0.1277757000061683,1,33.0
S17,19,Mujer,derecha,1,6,visual,61,EXP,0.0,45.0,EXP,1600.0,100.0,0.0,0.0,normal,0.1827656999812461,1,33.0
S17,19,Mujer,derecha,1,6,visual,62,VP,90.0,45.0,VP,1600.0,160.0,0.0,0.0,normal,0.1226402999600395,1,33.0
S17,19,Mujer,derecha,1,6,visual,63,EXP,90.0,135.0,EXP,1600.0,100.0,0.0,1.0,diferente,0.186861400026828,1,33.0
S17,19,Mujer,derecha,1,6,visual,64,EXP,0.0,45.0,EXP,1000.0,160.0,2.0,0.0,catch,0.2745669999858364,1,33.0
S17,19,Mujer,derecha,1,6,visual,65,EXP,90.0,135.0,EXP,1000.0,160.0,0.0,0.0,normal,0.4266226000036113,1,33.0
S17,19,Mujer,derecha,1,6,visual,66,VP,0.0,135.0,VP,1600.0,160.0,0.0,0.0,normal,0.1219224000233225,1,33.0
S17,19,Mujer,derecha,1,6,visual,67,EXP,90.0,135.0,EXP,1600.0,100.0,0.0,0.0,normal,0.1328198999981396,1,33.0
S17,19,Mujer,derecha,1,6,visual,68,EXP,90.0,135.0,EXP,1600.0,100.0,0.0,0.0,normal,0.1057879999862052,1,33.0
S17,19,Mujer,derecha,1,6,visual,69,EXP,0.0,45.0,EXP,1600.0,100.0,0.0,1.0,diferente,0.2164989999728277,1,33.0
S17,19,Mujer,derecha,1,6,visual,70,VP,90.0,45.0,VP,1600.0,160.0,0.0,1.0,normal,0.1851363999885507,0,32.0
S17,19,Mujer,derecha,1,6,visual,71,EXP,90.0,135.0,EXP,1000.0,160.0,0.0,1.0,diferente,0.2999173999996856,1,32.0
S17,19,Mujer,derecha,1,7,visual,0,EXP,90.0,135.0,EXP,1600.0,100.0,0.0,0.0,diferente,1.0392240000073798,0,32.0
S17,19,Mujer,derecha,1,7,visual,1,VP,0.0,135.0,VP,1600.0,160.0,0.0,1.0,diferente,0.1930734000052325,1,32.0
S17,19,Mujer,derecha,1,7,visual,2,VP,0.0,135.0,VP,1000.0,100.0,0.0,1.0,diferente,0.4496210999786854,1,32.0
S17,19,Mujer,derecha,1,7,visual,3,VP,0.0,135.0,EXP,1000.0,160.0,0.0,1.0,diferente,0.0587812000303529,1,32.0
S17,19,Mujer,derecha,1,7,visual,4,EXP,0.0,45.0,EXP,1600.0,100.0,1.0,0.0,catch,0.1972164000035263,1,32.0
S17,19,Mujer,derecha,1,7,visual,5,EXP,90.0,135.0,VP,1600.0,160.0,0.0,0.0,normal,0.2475894999806769,1,32.0
S17,19,Mujer,derecha,1,7,visual,6,EXP,90.0,135.0,EXP,1600.0,100.0,0.0,0.0,normal,0.0690591000020504,1,32.0
S17,19,Mujer,derecha,1,7,visual,7,EXP,0.0,45.0,EXP,1600.0,100.0,2.0,0.0,catch,0.2728213999653235,1,32.0
S17,19,Mujer,derecha,1,7,visual,8,EXP,0.0,45.0,VP,1600.0,160.0,0.0,0.0,normal,0.4314936000155285,1,32.0
S17,19,Mujer,derecha,1,7,visual,9,EXP,0.0,45.0,EXP,1600.0,100.0,0.0,1.0,diferente,0.121656899980735,1,32.0
S17,19,Mujer,derecha,1,7,visual,10,VP,90.0,45.0,EXP,1000.0,160.0,0.0,1.0,diferente,0.2237302999710664,1,32.0
S17,19,Mujer,derecha,1,7,visual,11,EXP,90.0,135.0,EXP,1000.0,160.0,0.0,0.0,normal,0.3968425000202842,1,32.0
S17,19,Mujer,derecha,1,7,visual,12,EXP,90.0,135.0,EXP,1600.0,100.0,0.0,1.0,diferente,0.3901989000150934,1,32.0
S17,19,Mujer,derecha,1,7,visual,13,VP,90.0,45.0,VP,1600.0,160.0,0.0,1.0,diferente,0.2306843000114895,1,31.0
S17,19,Mujer,derecha,1,7,visual,14,EXP,90.0,135.0,EXP,1600.0,100.0,1.0,0.0,catch,0.1069326000288128,1,31.0
S17,19,Mujer,derecha,1,7,visual,15,EXP,0.0,45.0,EXP,1000.0,160.0,0.0,0.0,normal,0.0493994000134989,1,31.0
S17,19,Mujer,derecha,1,7,visual,16,VP,90.0,45.0,VP,1000.0,100.0,0.0,0.0,normal,0.1358608999871648,1,31.0
S17,19,Mujer,derecha,1,7,visual,17,EXP,90.0,135.0,EXP,1000.0,160.0,0.0,0.0,diferente,0.4375748999882489,0,31.0
S17,19,Mujer,derecha,1,7,visual,18,EXP,0.0,45.0,EXP,1600.0,100.0,0.0,0.0,normal,0.0800124000525102,1,31.0
S17,19,Mujer,derecha,1,7,visual,19,EXP,90.0,135.0,EXP,1600.0,100.0,0.0,1.0,diferente,0.145815500000026,1,31.0
S17,19,Mujer,derecha,1,7,visual,20,EXP,0.0,45.0,EXP,1000.0,160.0,0.0,0.0,normal,0.1103073999984189,1,31.0
S17,19,Mujer,derecha,1,7,visual,21,EXP,0.0,45.0,VP,1000.0,100.0,0.0,1.0,diferente,0.1896583000198006,1,31.0
S17,19,Mujer,derecha,1,7,visual,22,EXP,0.0,45.0,EXP,1000.0,160.0,0.0,1.0,diferente,0.1892238000291399,1,31.0
S17,19,Mujer,derecha,1,7,visual,23,VP,0.0,135.0,EXP,1600.0,100.0,0.0,1.0,normal,0.4680680999881588,0,30.0
S17,19,Mujer,derecha,1,7,visual,24,EXP,0.0,45.0,EXP,1000.0,160.0,0.0,0.0,normal,0.2655884000123478,1,30.0
S17,19,Mujer,derecha,1,7,visual,25,EXP,90.0,135.0,EXP,1000.0,160.0,0.0,0.0,normal,0.1629845999996177,1,30.0
S17,19,Mujer,derecha,1,7,visual,26,EXP,0.0,45.0,EXP,1000.0,160.0,0.0,1.0,diferente,0.2241103000123985,1,30.0
S17,19,Mujer,derecha,1,7,visual,27,VP,90.0,45.0,EXP,1600.0,100.0,0.0,1.0,diferente,0.0382178000290878,1,30.0
S17,19,Mujer,derecha,1,7,visual,28,EXP,0.0,45.0,EXP,1600.0,100.0,0.0,0.0,normal,0.1004065999877639,1,30.0
S17,19,Mujer,derecha,1,7,visual,29,VP,90.0,45.0,EXP,1000.0,160.0,0.0,0.0,normal,0.1376265000435523,1,30.0
S17,19,Mujer,derecha,1,7,visual,30,EXP,90.0,135.0,EXP,1000.0,160.0,2.0,0.0,catch,0.3834678000421263,1,30.0
S17,19,Mujer,derecha,1,7,visual,31,VP,90.0,45.0,VP,1000.0,100.0,0.0,1.0,normal,0.1921272000181488,0,30.0
S17,19,Mujer,derecha,1,7,visual,32,EXP,0.0,45.0,EXP,1600.0,100.0,0.0,1.0,normal,0.1813370999880135,0,30.0
S17,19,Mujer,derecha,1,7,visual,33,EXP,90.0,135.0,VP,1000.0,100.0,0.0,1.0,diferente,0.2063294000108726,1,31.0
S17,19,Mujer,derecha,1,7,visual,34,VP,0.0,135.0,EXP,1000.0,160.0,0.0,0.0,normal,0.1902244999655522,1,31.0
S17,19,Mujer,derecha,1,7,visual,35,VP,0.0,135.0,VP,1000.0,100.0,0.0,0.0,normal,1.1146450999658557,1,31.0
S17,19,Mujer,derecha,1,7,visual,36,EXP,0.0,45.0,EXP,1000.0,160.0,0.0,0.0,normal,0.2621936000068672,1,31.0
S17,19,Mujer,derecha,1,7,visual,37,EXP,0.0,45.0,EXP,1600.0,100.0,0.0,1.0,diferente,0.1861091000027954,1,31.0
S17,19,Mujer,derecha,1,7,visual,38,VP,0.0,135.0,EXP,1600.0,100.0,0.0,0.0,normal,0.1888628000160679,1,31.0
S17,19,Mujer,derecha,1,7,visual,39,EXP,90.0,135.0,EXP,1600.0,100.0,2.0,0.0,catch,0.1827864999650046,1,31.0
S17,19,Mujer,derecha,1,7,visual,40,EXP,90.0,135.0,EXP,1000.0,160.0,0.0,0.0,normal,1.150911399978213,1,31.0
S17,19,Mujer,derecha,1,7,visual,41,EXP,0.0,45.0,EXP,1000.0,160.0,1.0,0.0,catch,0.1226714000222273,1,31.0
S17,19,Mujer,derecha,1,7,visual,42,EXP,0.0,45.0,EXP,1000.0,160.0,0.0,0.0,normal,0.0737861999659799,1,31.0
S17,19,Mujer,derecha,1,7,visual,43,EXP,0.0,45.0,VP,1600.0,160.0,0.0,1.0,diferente,0.3190041000489145,1,31.0
S17,19,Mujer,derecha,1,7,visual,44,EXP,0.0,45.0,EXP,1000.0,160.0,0.0,1.0,normal,0.0433982000104151,0,30.0
S17,19,Mujer,derecha,1,7,visual,45,EXP,90.0,135.0,EXP,1000.0,160.0,0.0,0.0,normal,0.2251470999908633,1,31.0
S17,19,Mujer,derecha,1,7,visual,46,EXP,90.0,135.0,VP,1000.0,100.0,0.0,0.0,normal,0.4278747999924235,1,31.0
S17,19,Mujer,derecha,1,7,visual,47,EXP,90.0,135.0,EXP,1000.0,160.0,0.0,1.0,diferente,0.5047365000355057,1,31.0
S17,19,Mujer,derecha,1,7,visual,48,EXP,90.0,135.0,EXP,1000.0,160.0,0.0,1.0,diferente,0.1201789999613538,1,31.0
S17,19,Mujer,derecha,1,7,visual,49,EXP,90.0,135.0,EXP,1600.0,100.0,0.0,0.0,normal,0.4269090999732725,1,31.0
S17,19,Mujer,derecha,1,7,visual,50,VP,90.0,45.0,EXP,1600.0,100.0,0.0,0.0,normal,0.243011699989438,1,31.0
S17,19,Mujer,derecha,1,7,visual,51,EXP,0.0,45.0,EXP,1000.0,160.0,0.0,0.0,normal,0.6647733999998309,1,31.0
S17,19,Mujer,derecha,1,7,visual,52,EXP,90.0,135.0,EXP,1000.0,160.0,1.0,0.0,catch,0.17987130000256,1,31.0
S17,19,Mujer,derecha,1,7,visual,53,EXP,90.0,135.0,VP,1600.0,160.0,0.0,1.0,diferente,0.256623099965509,1,31.0
S17,19,Mujer,derecha,1,7,visual,54,EXP,90.0,135.0,EXP,1000.0,160.0,0.0,0.0,normal,0.0582828999613411,1,30.0
S17,19,Mujer,derecha,1,7,visual,55,EXP,0.0,45.0,VP,1000.0,100.0,0.0,0.0,normal,0.1525611000251956,1,30.0
S17,19,Mujer,derecha,1,7,visual,56,EXP,90.0,135.0,EXP,1000.0,160.0,0.0,1.0,diferente,0.0844840000499971,1,30.0
S17,19,Mujer,derecha,1,7,visual,57,EXP,0.0,45.0,EXP,1600.0,100.0,0.0,0.0,normal,0.3282821000320837,1,30.0
S17,19,Mujer,derecha,1,7,visual,58,EXP,90.0,135.0,EXP,1600.0,100.0,0.0,0.0,normal,0.2728195000090636,1,30.0
S17,19,Mujer,derecha,1,7,visual,59,EXP,0.0,45.0,EXP,1600.0,100.0,0.0,0.0,normal,0.3707682000240311,1,30.0
S17,19,Mujer,derecha,1,7,visual,60,EXP,90.0,135.0,EXP,1600.0,100.0,0.0,0.0,normal,0.170605199993588,1,30.0
S17,19,Mujer,derecha,1,7,visual,61,EXP,90.0,135.0,EXP,1600.0,100.0,0.0,1.0,diferente,0.1444166000001132,1,30.0
S17,19,Mujer,derecha,1,7,visual,62,EXP,90.0,135.0,EXP,1600.0,100.0,0.0,0.0,diferente,0.0388901000260375,0,30.0
S17,19,Mujer,derecha,1,7,visual,63,EXP,0.0,45.0,EXP,1600.0,100.0,0.0,0.0,normal,0.0828056000173091,1,30.0
S17,19,Mujer,derecha,1,7,visual,64,EXP,0.0,45.0,EXP,1600.0,100.0,0.0,0.0,normal,0.2080399000551551,1,30.0
S17,19,Mujer,derecha,1,7,visual,65,EXP,0.0,45.0,EXP,1000.0,160.0,2.0,0.0,normal,0.113461900036782,0,30.0
S17,19,Mujer,derecha,1,7,visual,66,EXP,90.0,135.0,EXP,1000.0,160.0,0.0,0.0,normal,0.2914815000258386,1,30.0
S17,19,Mujer,derecha,1,7,visual,67,EXP,90.0,135.0,EXP,1600.0,100.0,0.0,0.0,normal,0.1054168000118807,1,30.0
S17,19,Mujer,derecha,1,7,visual,68,EXP,0.0,45.0,EXP,1000.0,160.0,0.0,0.0,normal,0.4488622000208124,1,30.0
S17,19,Mujer,derecha,1,7,visual,69,VP,0.0,135.0,VP,1600.0,160.0,0.0,0.0,normal,0.1675572000094689,1,30.0
S17,19,Mujer,derecha,1,7,visual,70,VP,90.0,45.0,VP,1600.0,160.0,0.0,0.0,normal,0.1363258000346832,1,30.0
S17,19,Mujer,derecha,1,7,visual,71,EXP,0.0,45.0,EXP,1600.0,100.0,0.0,0.0,normal,0.5992885999730788,1,30.0
S17,19,Mujer,derecha,1,8,visual,0,EXP,90.0,135.0,VP,1000.0,100.0,0.0,1.0,diferente,0.2919093999662436,1,30.0
S17,19,Mujer,derecha,1,8,visual,1,EXP,90.0,135.0,EXP,1000.0,160.0,0.0,1.0,diferente,0.0679615999688394,1,29.0
S17,19,Mujer,derecha,1,8,visual,2,EXP,0.0,45.0,EXP,1000.0,160.0,0.0,1.0,diferente,0.2620230000466108,1,29.0
S17,19,Mujer,derecha,1,8,visual,3,EXP,90.0,135.0,EXP,1000.0,160.0,0.0,0.0,normal,0.17801309999777,1,29.0
S17,19,Mujer,derecha,1,8,visual,4,EXP,0.0,45.0,EXP,1600.0,100.0,0.0,0.0,normal,0.3701131999841891,1,29.0
S17,19,Mujer,derecha,1,8,visual,5,VP,90.0,45.0,VP,1600.0,160.0,0.0,0.0,normal,0.0576803999720141,1,29.0
S17,19,Mujer,derecha,1,8,visual,6,VP,0.0,135.0,VP,1000.0,100.0,0.0,0.0,normal,0.1000273999525234,1,29.0
S17,19,Mujer,derecha,1,8,visual,7,EXP,90.0,135.0,EXP,1000.0,160.0,0.0,1.0,diferente,0.2103560999967157,1,29.0
S17,19,Mujer,derecha,1,8,visual,8,EXP,90.0,135.0,VP,1600.0,160.0,0.0,1.0,normal,0.4544079000479541,0,28.0
S17,19,Mujer,derecha,1,8,visual,9,EXP,90.0,135.0,EXP,1600.0,100.0,0.0,0.0,normal,0.2789580000098794,1,29.0
S17,19,Mujer,derecha,1,8,visual,10,VP,90.0,45.0,EXP,1600.0,100.0,0.0,1.0,diferente,0.104779299988877,1,29.0
S17,19,Mujer,derecha,1,8,visual,11,EXP,0.0,45.0,EXP,1000.0,160.0,0.0,0.0,normal,0.0405158000066876,1,29.0
S17,19,Mujer,derecha,1,8,visual,12,EXP,90.0,135.0,EXP,1000.0,160.0,0.0,0.0,normal,0.2250104999984614,1,29.0
S17,19,Mujer,derecha,1,8,visual,13,VP,0.0,135.0,VP,1600.0,160.0,0.0,0.0,normal,0.449821799993515,1,29.0
S17,19,Mujer,derecha,1,8,visual,14,EXP,0.0,45.0,EXP,1600.0,100.0,0.0,0.0,normal,0.2261014000396244,1,29.0
S17,19,Mujer,derecha,1,8,visual,15,VP,90.0,45.0,VP,1000.0,100.0,0.0,1.0,diferente,0.098749199998565,1,29.0
S17,19,Mujer,derecha,1,8,visual,16,EXP,90.0,135.0,EXP,1600.0,100.0,0.0,0.0,normal,0.1188984999898821,1,29.0
S17,19,Mujer,derecha,1,8,visual,17,EXP,0.0,45.0,VP,1000.0,100.0,0.0,0.0,normal,0.1643774000112898,1,29.0
S17,19,Mujer,derecha,1,8,visual,18,EXP,90.0,135.0,EXP,1600.0,100.0,0.0,1.0,diferente,0.0223305000108666,1,29.0
S17,19,Mujer,derecha,1,8,visual,19,EXP,0.0,45.0,EXP,1600.0,100.0,2.0,0.0,catch,0.7008355999714695,1,29.0
S17,19,Mujer,derecha,1,8,visual,20,EXP,90.0,135.0,EXP,1000.0,160.0,1.0,0.0,catch,0.1351929000229574,1,29.0
S17,19,Mujer,derecha,1,8,visual,21,EXP,0.0,45.0,EXP,1000.0,160.0,0.0,0.0,normal,0.0688950000330805,1,29.0
S17,19,Mujer,derecha,1,8,visual,22,EXP,90.0,135.0,EXP,1000.0,160.0,0.0,1.0,diferente,0.1827372999978251,1,29.0
S17,19,Mujer,derecha,1,8,visual,23,EXP,90.0,135.0,VP,1000.0,100.0,0.0,0.0,normal,0.1496749999932944,1,29.0
S17,19,Mujer,derecha,1,8,visual,24,EXP,0.0,45.0,EXP,1000.0,160.0,0.0,1.0,normal,0.3239418000448495,0,29.0
S17,19,Mujer,derecha,1,8,visual,25,EXP,0.0,45.0,EXP,1600.0,100.0,1.0,0.0,catch,0.308786700014025,1,30.0
S17,19,Mujer,derecha,1,8,visual,26,VP,90.0,45.0,EXP,1600.0,100.0,0.0,0.0,normal,0.0166653000051155,1,30.0
S17,19,Mujer,derecha,1,8,visual,27,EXP,90.0,135.0,EXP,1600.0,100.0,0.0,0.0,normal,0.1225510000367648,1,30.0
S17,19,Mujer,derecha,1,8,visual,28,EXP,0.0,45.0,EXP,1600.0,100.0,0.0,0.0,normal,0.206324599974323,1,30.0
S17,19,Mujer,derecha,1,8,visual,29,VP,0.0,135.0,EXP,1000.0,160.0,0.0,1.0,diferente,0.2093065999797545,1,30.0
S17,19,Mujer,derecha,1,8,visual,30,VP,0.0,135.0,VP,1600.0,160.0,0.0,1.0,diferente,0.2547740000300109,1,30.0
S17,19,Mujer,derecha,1,8,visual,31,EXP,90.0,135.0,EXP,1600.0,100.0,0.0,0.0,normal,0.0225432000006549,1,30.0
S17,19,Mujer,derecha,1,8,visual,32,EXP,0.0,45.0,EXP,1600.0,100.0,0.0,0.0,normal,0.0515006000059656,1,30.0
S17,19,Mujer,derecha,1,8,visual,33,VP,90.0,45.0,VP,1600.0,160.0,0.0,1.0,diferente,0.0901095999870449,1,30.0
S17,19,Mujer,derecha,1,8,visual,34,EXP,90.0,135.0,EXP,1000.0,160.0,0.0,0.0,normal,0.2636938999639824,1,30.0
S17,19,Mujer,derecha,1,8,visual,35,EXP,0.0,45.0,VP,1600.0,160.0,0.0,1.0,diferente,0.1917130000074394,1,30.0
S17,19,Mujer,derecha,1,8,visual,36,EXP,0.0,45.0,EXP,1600.0,100.0,0.0,1.0,diferente,0.6586643999908119,1,30.0
S17,19,Mujer,derecha,1,8,visual,37,EXP,0.0,45.0,EXP,1600.0,100.0,0.0,1.0,normal,0.1267977999523282,0,30.0
S17,19,Mujer,derecha,1,8,visual,38,VP,0.0,135.0,EXP,1000.0,160.0,0.0,0.0,normal,0.1431262000114657,1,31.0
S17,19,Mujer,derecha,1,8,visual,39,EXP,0.0,45.0,VP,1600.0,160.0,0.0,0.0,normal,0.0355704000103287,1,31.0
S17,19,Mujer,derecha,1,8,visual,40,EXP,90.0,135.0,EXP,1600.0,100.0,0.0,0.0,diferente,0.2626920000184327,0,31.0
S17,19,Mujer,derecha,1,8,visual,41,EXP,90.0,135.0,EXP,1600.0,100.0,0.0,1.0,diferente,0.3521766000194475,1,31.0
S17,19,Mujer,derecha,1,8,visual,42,EXP,90.0,135.0,EXP,1000.0,160.0,0.0,0.0,normal,0.1526636999915354,1,31.0
S17,19,Mujer,derecha,1,8,visual,43,VP,90.0,45.0,VP,1000.0,100.0,0.0,0.0,normal,0.3084384999820031,1,31.0
S17,19,Mujer,derecha,1,8,visual,44,EXP,0.0,45.0,EXP,1000.0,160.0,0.0,0.0,normal,0.140297100006137,1,31.0
S17,19,Mujer,derecha,1,8,visual,45,EXP,90.0,135.0,VP,1600.0,160.0,0.0,0.0,normal,0.1326714000315405,1,31.0
S17,19,Mujer,derecha,1,8,visual,46,EXP,0.0,45.0,EXP,1600.0,100.0,0.0,1.0,diferente,0.1084442999563179,1,31.0
S17,19,Mujer,derecha,1,8,visual,47,EXP,90.0,135.0,EXP,1600.0,100.0,0.0,1.0,diferente,0.1162403000053018,1,31.0
S17,19,Mujer,derecha,1,8,visual,48,EXP,0.0,45.0,EXP,1600.0,100.0,0.0,0.0,normal,0.3273084000102244,1,30.0
S17,19,Mujer,derecha,1,8,visual,49,EXP,90.0,135.0,EXP,1000.0,160.0,0.0,0.0,normal,0.2127231000340543,1,30.0
S17,19,Mujer,derecha,1,8,visual,50,EXP,90.0,135.0,EXP,1600.0,100.0,0.0,0.0,normal,0.1917789000435732,1,30.0
S17,19,Mujer,derecha,1,8,visual,51,EXP,0.0,45.0,EXP,1000.0,160.0,0.0,0.0,normal,0.2251071000355295,1,30.0
S17,19,Mujer,derecha,1,8,visual,52,VP,90.0,45.0,EXP,1000.0,160.0,0.0,0.0,normal,0.0766617999761365,1,30.0
S17,19,Mujer,derecha,1,8,visual,53,EXP,90.0,135.0,EXP,1000.0,160.0,0.0,0.0,normal,0.1945182000054046,1,30.0
S17,19,Mujer,derecha,1,8,visual,54,VP,0.0,135.0,VP,1000.0,100.0,0.0,1.0,diferente,0.3819686000351794,1,30.0
S17,19,Mujer,derecha,1,8,visual,55,EXP,90.0,135.0,EXP,1000.0,160.0,0.0,0.0,normal,0.2309870999888517,1,30.0
S17,19,Mujer,derecha,1,8,visual,56,EXP,90.0,135.0,EXP,1600.0,100.0,2.0,0.0,catch,0.2716753000277094,1,30.0
S17,19,Mujer,derecha,1,8,visual,57,EXP,0.0,45.0,EXP,1000.0,160.0,0.0,0.0,normal,0.1076103000086732,1,30.0
S17,19,Mujer,derecha,1,8,visual,58,EXP,90.0,135.0,EXP,1600.0,100.0,0.0,0.0,normal,0.149541400023736,1,30.0
S17,19,Mujer,derecha,1,8,visual,59,EXP,0.0,45.0,VP,1000.0,100.0,0.0,1.0,diferente,0.3260363000445068,1,30.0
S17,19,Mujer,derecha,1,8,visual,60,EXP,90.0,135.0,EXP,1600.0,100.0,1.0,0.0,catch,0.1314575999858789,1,30.0
S17,19,Mujer,derecha,1,8,visual,61,EXP,0.0,45.0,EXP,1000.0,160.0,2.0,0.0,catch,0.6991882000002079,1,30.0
S17,19,Mujer,derecha,1,8,visual,62,EXP,0.0,45.0,EXP,1000.0,160.0,0.0,0.0,normal,0.2440754999988712,1,30.0
S17,19,Mujer,derecha,1,8,visual,63,VP,0.0,135.0,EXP,1600.0,100.0,0.0,0.0,normal,0.0792607999756001,1,30.0
S17,19,Mujer,derecha,1,8,visual,64,EXP,0.0,45.0,EXP,1600.0,100.0,0.0,0.0,normal,0.5241694999858737,1,30.0
S17,19,Mujer,derecha,1,8,visual,65,EXP,0.0,45.0,EXP,1600.0,100.0,0.0,0.0,normal,0.045912200002931,1,30.0
S17,19,Mujer,derecha,1,8,visual,66,EXP,90.0,135.0,EXP,1000.0,160.0,2.0,0.0,catch,0.2338579000206664,1,30.0
S17,19,Mujer,derecha,1,8,visual,67,EXP,0.0,45.0,EXP,1000.0,160.0,1.0,0.0,catch,0.1069476000266149,1,30.0
S17,19,Mujer,derecha,1,8,visual,68,EXP,0.0,45.0,EXP,1000.0,160.0,0.0,0.0,normal,0.1014820999698713,1,30.0
S17,19,Mujer,derecha,1,8,visual,69,EXP,0.0,45.0,EXP,1000.0,160.0,0.0,1.0,diferente,0.2371423000004142,1,30.0
S17,19,Mujer,derecha,1,8,visual,70,VP,0.0,135.0,EXP,1600.0,100.0,0.0,1.0,diferente,0.1244562999927438,1,30.0
S17,19,Mujer,derecha,1,8,visual,71,VP,90.0,45.0,EXP,1000.0,160.0,0.0,1.0,normal,0.0914335999987088,0,30.0
S17,19,Mujer,derecha,1,9,visual,0,EXP,90.0,135.0,EXP,1600.0,100.0,2.0,0.0,catch,0.2683147999923676,1,30.0
S17,19,Mujer,derecha,1,9,visual,1,VP,0.0,135.0,EXP,1600.0,100.0,0.0,0.0,normal,0.1461465000174939,1,30.0
S17,19,Mujer,derecha,1,9,visual,2,EXP,90.0,135.0,EXP,1000.0,160.0,0.0,0.0,normal,0.2062920000171288,1,30.0
S17,19,Mujer,derecha,1,9,visual,3,VP,0.0,135.0,EXP,1000.0,160.0,0.0,0.0,normal,0.3947555999620817,1,30.0
S17,19,Mujer,derecha,1,9,visual,4,EXP,0.0,45.0,VP,1000.0,100.0,0.0,0.0,normal,0.209277199988719,1,30.0
S17,19,Mujer,derecha,1,9,visual,5,EXP,0.0,45.0,EXP,1000.0,160.0,0.0,1.0,diferente,0.1756903000059537,1,30.0
S17,19,Mujer,derecha,1,9,visual,6,VP,90.0,45.0,VP,1600.0,160.0,0.0,0.0,normal,0.1233895000186748,1,29.0
S17,19,Mujer,derecha,1,9,visual,7,EXP,0.0,45.0,EXP,1600.0,100.0,0.0,0.0,normal,0.1137612999882549,1,29.0
S17,19,Mujer,derecha,1,9,visual,8,EXP,90.0,135.0,EXP,1000.0,160.0,2.0,0.0,catch,0.5561738999676891,1,29.0
S17,19,Mujer,derecha,1,9,visual,9,EXP,90.0,135.0,EXP,1000.0,160.0,0.0,1.0,diferente,0.1972485000151209,1,29.0
S17,19,Mujer,derecha,1,9,visual,10,EXP,0.0,45.0,EXP,1000.0,160.0,0.0,0.0,normal,0.1445101999561302,1,29.0
S17,19,Mujer,derecha,1,9,visual,11,VP,0.0,135.0,EXP,1600.0,100.0,0.0,1.0,diferente,0.50493200001074,1,29.0
S17,19,Mujer,derecha,1,9,visual,12,EXP,0.0,45.0,EXP,1000.0,160.0,0.0,0.0,normal,0.152739199984353,1,29.0
S17,19,Mujer,derecha,1,9,visual,13,EXP,90.0,135.0,EXP,1000.0,160.0,0.0,0.0,normal,0.2251121999579481,1,29.0
S17,19,Mujer,derecha,1,9,visual,14,VP,0.0,135.0,VP,1600.0,160.0,0.0,0.0,normal,0.9200979000306688,1,29.0
S17,19,Mujer,derecha,1,9,visual,15,EXP,90.0,135.0,EXP,1000.0,160.0,0.0,0.0,normal,0.2329552000155672,1,29.0
S17,19,Mujer,derecha,1,9,visual,16,EXP,0.0,45.0,EXP,1600.0,100.0,0.0,0.0,normal,0.2289286999730393,1,29.0
S17,19,Mujer,derecha,1,9,visual,17,EXP,0.0,45.0,EXP,1600.0,100.0,2.0,0.0,catch,0.3153575999895111,1,29.0
S17,19,Mujer,derecha,1,9,visual,18,EXP,0.0,45.0,EXP,1000.0,160.0,1.0,0.0,catch,0.1033148000133223,1,29.0
S17,19,Mujer,derecha,1,9,visual,19,VP,0.0,135.0,VP,1000.0,100.0,0.0,0.0,normal,0.0359047999954782,1,29.0
S17,19,Mujer,derecha,1,9,visual,20,VP,0.0,135.0,VP,1600.0,160.0,0.0,1.0,diferente,0.1902293000021018,1,29.0
S17,19,Mujer,derecha,1,9,visual,21,VP,90.0,45.0,VP,1000.0,100.0,0.0,0.0,normal,0.0929106000112369,1,29.0
S17,19,Mujer,derecha,1,9,visual,22,EXP,90.0,135.0,EXP,1000.0,160.0,0.0,0.0,normal,0.9279477000236512,1,29.0
S17,19,Mujer,derecha,1,9,visual,23,EXP,0.0,45.0,VP,1000.0,100.0,0.0,1.0,normal,0.2694575000205077,0,29.0
S17,19,Mujer,derecha,1,9,visual,24,EXP,0.0,45.0,EXP,1000.0,160.0,0.0,0.0,normal,0.4393488999921828,1,30.0
S17,19,Mujer,derecha,1,9,visual,25,EXP,0.0,45.0,EXP,1000.0,160.0,0.0,0.0,normal,0.0696923000505194,1,30.0
S17,19,Mujer,derecha,1,9,visual,26,EXP,0.0,45.0,VP,1600.0,160.0,0.0,1.0,diferente,0.2400583000271581,1,30.0
S17,19,Mujer,derecha,1,9,visual,27,VP,90.0,45.0,EXP,1600.0,100.0,0.0,1.0,diferente,0.0696465999935753,1,30.0
S17,19,Mujer,derecha,1,9,visual,28,EXP,0.0,45.0,EXP,1000.0,160.0,0.0,0.0,normal,0.1397403999581001,1,30.0
S17,19,Mujer,derecha,1,9,visual,29,EXP,0.0,45.0,EXP,1600.0,100.0,0.0,0.0,normal,0.0508801999967545,1,30.0
S17,19,Mujer,derecha,1,9,visual,30,EXP,90.0,135.0,EXP,1000.0,160.0,0.0,1.0,diferente,0.7227420000126585,1,30.0
S17,19,Mujer,derecha,1,9,visual,31,EXP,90.0,135.0,EXP,1000.0,160.0,0.0,0.0,diferente,0.286253200029023,0,30.0
S17,19,Mujer,derecha,1,9,visual,32,EXP,0.0,45.0,EXP,1000.0,160.0,0.0,0.0,normal,0.138877399964258,1,30.0
S17,19,Mujer,derecha,1,9,visual,33,EXP,0.0,45.0,EXP,1600.0,100.0,0.0,0.0,normal,0.1577265000087209,1,30.0
S17,19,Mujer,derecha,1,9,visual,34,EXP,0.0,45.0,EXP,1000.0,160.0,0.0,0.0,normal,0.0835236000129953,1,30.0
S17,19,Mujer,derecha,1,9,visual,35,EXP,90.0,135.0,EXP,1000.0,160.0,0.0,0.0,normal,0.3566769000026397,1,30.0
S17,19,Mujer,derecha,1,9,visual,36,EXP,0.0,45.0,EXP,1600.0,100.0,0.0,1.0,diferente,0.2275233000400476,1,30.0
S17,19,Mujer,derecha,1,9,visual,37,EXP,90.0,135.0,EXP,1600.0,100.0,1.0,0.0,catch,0.1243615999701432,1,29.0
S17,19,Mujer,derecha,1,9,visual,38,EXP,90.0,135.0,EXP,1600.0,100.0,0.0,0.0,normal,0.444911599974148,1,29.0
S17,19,Mujer,derecha,1,9,visual,39,EXP,90.0,135.0,EXP,1000.0,160.0,0.0,0.0,normal,0.2732118999701924,1,29.0
S17,19,Mujer,derecha,1,9,visual,40,EXP,0.0,45.0,EXP,1600.0,100.0,0.0,0.0,normal,0.1350945999729447,1,29.0
S17,19,Mujer,derecha,1,9,visual,41,EXP,0.0,45.0,EXP,1600.0,100.0,0.0,0.0,normal,0.1431239999947138,1,29.0
S17,19,Mujer,derecha,1,9,visual,42,EXP,90.0,135.0,VP,1600.0,160.0,0.0,0.0,normal,0.0783101000124588,1,29.0
S17,19,Mujer,derecha,1,9,visual,43,EXP,90.0,135.0,EXP,1600.0,100.0,0.0,0.0,normal,0.1991488999919966,1,29.0
S17,19,Mujer,derecha,1,9,visual,44,EXP,90.0,135.0,EXP,1600.0,100.0,0.0,0.0,normal,0.094017099996563,1,29.0
S17,19,Mujer,derecha,1,9,visual,45,EXP,90.0,135.0,EXP,1600.0,100.0,0.0,0.0,normal,0.1698184999986551,1,29.0
S17,19,Mujer,derecha,1,9,visual,46,EXP,0.0,45.0,EXP,1000.0,160.0,2.0,0.0,catch,0.33386250003241,1,29.0
S17,19,Mujer,derecha,1,9,visual,47,EXP,90.0,135.0,EXP,1600.0,100.0,0.0,0.0,normal,0.1336558999610133,1,29.0
S17,19,Mujer,derecha,1,9,visual,48,EXP,90.0,135.0,VP,1000.0,100.0,0.0,0.0,normal,0.1510460000135935,1,29.0
S17,19,Mujer,derecha,1,9,visual,49,VP,90.0,45.0,VP,1000.0,100.0,0.0,1.0,diferente,0.2392046999884769,1,29.0
S17,19,Mujer,derecha,1,9,visual,50,EXP,90.0,135.0,EXP,1000.0,160.0,0.0,1.0,catch,0.0546897999593056,0,29.0
S17,19,Mujer,derecha,1,9,visual,51,EXP,90.0,135.0,EXP,1600.0,100.0,0.0,1.0,normal,0.4588339000474661,0,30.0
S17,19,Mujer,derecha,1,9,visual,52,EXP,0.0,45.0,EXP,1600.0,100.0,1.0,0.0,catch,0.206627000006847,1,31.0
S17,19,Mujer,derecha,1,9,visual,53,EXP,0.0,45.0,EXP,1600.0,100.0,0.0,0.0,normal,0.1040620999992825,1,31.0
S17,19,Mujer,derecha,1,9,visual,54,VP,90.0,45.0,EXP,1000.0,160.0,0.0,1.0,diferente,0.2715380000299774,1,31.0
S17,19,Mujer,derecha,1,9,visual,55,VP,90.0,45.0,EXP,1600.0,100.0,0.0,0.0,normal,0.0521334999939426,1,31.0
S17,19,Mujer,derecha,1,9,visual,56,EXP,0.0,45.0,EXP,1600.0,100.0,0.0,1.0,diferente,0.1958212000317871,1,31.0
S17,19,Mujer,derecha,1,9,visual,57,VP,0.0,135.0,VP,1000.0,100.0,0.0,1.0,diferente,0.2024606000049971,1,31.0
S17,19,Mujer,derecha,1,9,visual,58,EXP,90.0,135.0,EXP,1600.0,100.0,0.0,0.0,normal,0.1386080000083893,1,31.0
S17,19,Mujer,derecha,1,9,visual,59,EXP,90.0,135.0,VP,1600.0,160.0,0.0,1.0,diferente,0.2542433000053279,1,31.0
S17,19,Mujer,derecha,1,9,visual,60,VP,0.0,135.0,EXP,1000.0,160.0,0.0,1.0,diferente,0.2184334999765269,1,31.0
S17,19,Mujer,derecha,1,9,visual,61,EXP,0.0,45.0,EXP,1000.0,160.0,0.0,1.0,normal,0.4595022000139579,0,31.0
S17,19,Mujer,derecha,1,9,visual,62,EXP,90.0,135.0,EXP,1600.0,100.0,0.0,1.0,normal,0.407339800032787,0,32.0
S17,19,Mujer,derecha,1,9,visual,63,EXP,90.0,135.0,EXP,1000.0,160.0,1.0,0.0,catch,0.2975056999712251,1,33.0
S17,19,Mujer,derecha,1,9,visual,64,VP,90.0,45.0,EXP,1000.0,160.0,0.0,0.0,normal,0.1506012000027112,1,33.0
S17,19,Mujer,derecha,1,9,visual,65,EXP,0.0,45.0,EXP,1600.0,100.0,0.0,1.0,diferente,0.661661299993284,1,33.0
S17,19,Mujer,derecha,1,9,visual,66,EXP,90.0,135.0,EXP,1600.0,100.0,0.0,0.0,normal,0.2120863999589346,1,33.0
S17,19,Mujer,derecha,1,9,visual,67,EXP,0.0,45.0,EXP,1000.0,160.0,0.0,1.0,diferente,0.4894962999969721,1,33.0
S17,19,Mujer,derecha,1,9,visual,68,EXP,90.0,135.0,EXP,1600.0,100.0,0.0,1.0,diferente,0.2589893999975174,1,33.0
S17,19,Mujer,derecha,1,9,visual,69,EXP,90.0,135.0,VP,1000.0,100.0,0.0,1.0,diferente,0.8063395000062883,1,32.0
S17,19,Mujer,derecha,1,9,visual,70,EXP,0.0,45.0,VP,1600.0,160.0,0.0,0.0,diferente,0.2718662999686785,0,32.0
S17,19,Mujer,derecha,1,9,visual,71,VP,90.0,45.0,VP,1600.0,160.0,0.0,1.0,diferente,0.3817535000271164,1,32.0
S17,19,Mujer,derecha,2,0,auditory,0,,,,VP,1600.0,160.0,,,frecuente,2.083678300026804,0,
S17,19,Mujer,derecha,2,0,auditory,1,,,,EXP,1000.0,160.0,,,raro,0.3669114999938756,0,
S17,19,Mujer,derecha,2,0,auditory,2,,,,EXP,1000.0,160.0,,,raro,1.322701099968981,0,
S17,19,Mujer,derecha,2,0,auditory,3,,,,EXP,1600.0,100.0,,,frecuente,0.3095699000405147,1,
S17,19,Mujer,derecha,2,0,auditory,4,,,,EXP,1600.0,100.0,,,frecuente,0.1502815999556332,1,
S17,19,Mujer,derecha,2,0,auditory,5,,,,VP,1000.0,100.0,,,frecuente,2.041744399990421,0,
S17,19,Mujer,derecha,2,0,auditory,6,,,,VP,1000.0,100.0,,,frecuente,0.2359738000086508,0,
S17,19,Mujer,derecha,2,0,auditory,7,,,,VP,1600.0,160.0,,,frecuente,0.7878509999718517,0,
S17,19,Mujer,derecha,2,1,visual,0,VP,90.0,45.0,,,,,,raro,2.582710799993947,1,
S17,19,Mujer,derecha,2,1,visual,1,VP,0.0,135.0,,,,,,frecuente,0.3303668999578804,0,
S17,19,Mujer,derecha,2,1,visual,2,EXP,0.0,45.0,,,,,,frecuente,1.042442099947948,1,
S17,19,Mujer,derecha,2,1,visual,3,EXP,90.0,135.0,,,,,,frecuente,0.4588598000118509,1,
S17,19,Mujer,derecha,2,1,visual,4,VP,90.0,45.0,,,,,,raro,1.0312675000168383,1,
S17,19,Mujer,derecha,2,1,visual,5,EXP,0.0,45.0,,,,,,raro,1.3494104000274092,0,
S17,19,Mujer,derecha,2,1,visual,6,VP,0.0,135.0,,,,,,frecuente,1.5463598999776875,0,
S17,19,Mujer,derecha,2,1,visual,7,EXP,90.0,135.0,,,,,,frecuente,0.3246771999984048,1,
