,id,age,gender,hand,phase,block,modality,ntrial,v_pred,v_leading,v_trailing,a_pred,a_leading,a_trailing,catch,target,resp,RT,correct,diff
880,S11,19,Mujer,derecha,2,0,visual,0,EXP,90.0,135.0,,,,,,frecuente,2.705778200001077,1,
881,S11,19,Mujer,derecha,2,0,visual,1,VP,0.0,135.0,,,,,,frecuente,1.3658912999999302,0,
882,S11,19,Mujer,derecha,2,0,visual,2,VP,90.0,45.0,,,,,,frecuente,0.3875270999997156,0,
883,S11,19,Mujer,derecha,2,0,visual,3,EXP,0.0,45.0,,,,,,frecuente,0.5915379999987636,1,
884,S11,19,Mujer,derecha,2,0,visual,4,EXP,0.0,45.0,,,,,,frecuente,0.3945643999995809,1,
885,S11,19,Mujer,derecha,2,0,visual,5,VP,90.0,45.0,,,,,,frecuente,0.1245494999984657,0,
886,S11,19,Mujer,derecha,2,0,visual,6,EXP,90.0,135.0,,,,,,frecuente,0.3746893999996246,1,
887,S11,19,Mujer,derecha,2,0,visual,7,VP,0.0,135.0,,,,,,frecuente,0.7289190999999846,0,
888,S11,19,Mujer,derecha,2,1,auditory,0,,,,EXP,1000.0,160.0,,,frecuente,1.3533778000000891,1,
889,S11,19,Mujer,derecha,2,1,auditory,1,,,,VP,1000.0,100.0,,,frecuente,0.3021926000001258,0,
890,S11,19,Mujer,derecha,2,1,auditory,2,,,,VP,1600.0,160.0,,,frecuente,0.3731941999994888,0,
891,S11,19,Mujer,derecha,2,1,auditory,3,,,,EXP,1600.0,100.0,,,frecuente,0.328211599999122,1,
892,S11,19,Mujer,derecha,2,1,auditory,4,,,,EXP,1600.0,100.0,,,frecuente,0.299370299999282,1,
893,S11,19,Mujer,derecha,2,1,auditory,5,,,,EXP,1000.0,160.0,,,frecuente,0.407729599999584,1,
894,S11,19,Mujer,derecha,2,1,auditory,6,,,,VP,1600.0,160.0,,,frecuente,0.425975300000573,0,
895,S11,19,Mujer,derecha,2,1,auditory,7,,,,VP,1000.0,100.0,,,frecuente,0.7537216000000626,0,
1776,S32,20,Mujer,derecha,2,0,visual,0,VP,0.0,45.0,,,,,,frecuente,2.261585099999138,0,
1777,S32,20,Mujer,derecha,2,0,visual,1,EXP,90.0,45.0,,,,,,frecuente,0.3734201999996003,1,
1778,S32,20,Mujer,derecha,2,0,visual,2,EXP,90.0,45.0,,,,,,frecuente,0.3689829999984795,1,
1779,S32,20,Mujer,derecha,2,0,visual,3,EXP,0.0,135.0,,,,,,frecuente,0.4281016999993881,1,
1780,S32,20,Mujer,derecha,2,0,visual,4,VP,90.0,135.0,,,,,,frecuente,0.0657117999999172,0,
1781,S32,20,Mujer,derecha,2,0,visual,5,VP,90.0,135.0,,,,,,frecuente,0.1521329999995941,0,
1782,S32,20,Mujer,derecha,2,0,visual,6,VP,0.0,45.0,,,,,,frecuente,0.4735921999999846,0,
1783,S32,20,Mujer,derecha,2,0,visual,7,EXP,0.0,135.0,,,,,,raro,0.37337430000116,0,
1784,S32,20,Mujer,derecha,2,1,auditory,0,,,,VP,1600.0,100.0,,,frecuente,1.0273108999990654,0,
1785,S32,20,Mujer,derecha,2,1,auditory,1,,,,VP,1000.0,160.0,,,frecuente,0.5471087000005355,0,
1786,S32,20,Mujer,derecha,2,1,auditory,2,,,,EXP,1600.0,160.0,,,frecuente,0.6446383000002243,1,
1787,S32,20,Mujer,derecha,2,1,auditory,3,,,,EXP,1600.0,160.0,,,frecuente,0.5873997999988205,1,
1788,S32,20,Mujer,derecha,2,1,auditory,4,,,,EXP,1000.0,100.0,,,frecuente,0.1512115000004996,1,
1789,S32,20,Mujer,derecha,2,1,auditory,5,,,,VP,1000.0,160.0,,,frecuente,0.2365704000003461,0,
1790,S32,20,Mujer,derecha,2,1,auditory,6,,,,VP,1600.0,100.0,,,frecuente,0.1872270000003482,0,
1791,S32,20,Mujer,derecha,2,1,auditory,7,,,,EXP,1000.0,100.0,,,frecuente,0.0818896999990101,1,
2672,S33,22,Mujer,derecha,2,0,visual,0,VP,0.0,135.0,,,,,,raro,5.525858200038783,1,
2673,S33,22,Mujer,derecha,2,0,visual,1,EXP,90.0,135.0,,,,,,frecuente,2.055664899991825,1,
2674,S33,22,Mujer,derecha,2,0,visual,2,VP,90.0,45.0,,,,,,raro,3.646761400043033,1,
2675,S33,22,Mujer,derecha,2,0,visual,3,EXP,0.0,45.0,,,,,,frecuente,0.9318558999802916,1,
2676,S33,22,Mujer,derecha,2,0,visual,4,EXP,90.0,135.0,,,,,,raro,0.7744566999608651,0,
2677,S33,22,Mujer,derecha,2,0,visual,5,EXP,0.0,45.0,,,,,,raro,2.132024700054899,0,
2678,S33,22,Mujer,derecha,2,0,visual,6,VP,0.0,135.0,,,,,,raro,0.9204207999864592,1,
2679,S33,22,Mujer,derecha,2,0,visual,7,VP,90.0,45.0,,,,,,frecuente,0.9715731999604033,0,
2680,S33,22,Mujer,derecha,2,1,auditory,0,,,,VP,1000.0,100.0,,,frecuente,4.564885300002061,0,
2681,S33,22,Mujer,derecha,2,1,auditory,1,,,,EXP,1000.0,160.0,,,frecuente,0.914790500071831,1,
2682,S33,22,Mujer,derecha,2,1,auditory,2,,,,EXP,1000.0,160.0,,,raro,1.384478499996476,0,
2683,S33,22,Mujer,derecha,2,1,auditory,3,,,,EXP,1600.0,100.0,,,raro,1.3030555999139324,0,
2684,S33,22,Mujer,derecha,2,1,auditory,4,,,,VP,1600.0,160.0,,,raro,1.4607821999816224,1,
2685,S33,22,Mujer,derecha,2,1,auditory,5,,,,EXP,1600.0,100.0,,,frecuente,2.1816036000382155,1,
2686,S33,22,Mujer,derecha,2,1,auditory,6,,,,VP,1000.0,100.0,,,frecuente,0.9362853000639006,0,
2687,S33,22,Mujer,derecha,2,1,auditory,7,,,,VP,1600.0,160.0,,,raro,2.492487199953757,1,
3568,S34,18,Mujer,derecha,2,0,auditory,0,,,,EXP,1000.0,100.0,,,frecuente,3.0210924000130035,1,
3569,S34,18,Mujer,derecha,2,0,auditory,1,,,,VP,1000.0,160.0,,,frecuente,1.0626224000006914,0,
3570,S34,18,Mujer,derecha,2,0,auditory,2,,,,EXP,1600.0,160.0,,,frecuente,1.2449005999951623,1,
3571,S34,18,Mujer,derecha,2,0,auditory,3,,,,VP,1600.0,100.0,,,frecuente,1.199005800008308,0,
3572,S34,18,Mujer,derecha,2,0,auditory,4,,,,VP,1600.0,100.0,,,frecuente,0.2002886999980546,0,
3573,S34,18,Mujer,derecha,2,0,auditory,5,,,,EXP,1600.0,160.0,,,frecuente,1.039441099972464,1,
3574,S34,18,Mujer,derecha,2,0,auditory,6,,,,EXP,1000.0,100.0,,,frecuente,0.294827300007455,1,
3575,S34,18,Mujer,derecha,2,0,auditory,7,,,,VP,1000.0,160.0,,,raro,1.370357200037688,1,
3576,S34,18,Mujer,derecha,2,1,visual,0,VP,90.0,135.0,,,,,,frecuente,2.948350600025151,0,
3577,S34,18,Mujer,derecha,2,1,visual,1,EXP,90.0,45.0,,,,,,raro,0.4384334000060335,0,
3578,S34,18,Mujer,derecha,2,1,visual,2,VP,90.0,135.0,,,,,,frecuente,0.7649715999723412,0,
3579,S34,18,Mujer,derecha,2,1,visual,3,EXP,0.0,135.0,,,,,,raro,0.5756891000200994,0,
3580,S34,18,Mujer,derecha,2,1,visual,4,EXP,90.0,45.0,,,,,,frecuente,1.02475450001657,1,
3581,S34,18,Mujer,derecha,2,1,visual,5,VP,0.0,45.0,,,,,,frecuente,0.2485956000164151,0,
3582,S34,18,Mujer,derecha,2,1,visual,6,VP,0.0,45.0,,,,,,frecuente,1.2232426999835295,0,
3583,S34,18,Mujer,derecha,2,1,visual,7,EXP,0.0,135.0,,,,,,raro,0.5344552000169642,0,
4464,S35,18,Mujer,derecha,2,0,auditory,0,,,,VP,1000.0,100.0,,,frecuente,5.318717599962838,0,
4465,S35,18,Mujer,derecha,2,0,auditory,1,,,,EXP,1000.0,160.0,,,raro,2.3626925999997184,0,
4466,S35,18,Mujer,derecha,2,0,auditory,2,,,,EXP,1600.0,100.0,,,frecuente,0.3574927999870851,1,
4467,S35,18,Mujer,derecha,2,0,auditory,3,,,,VP,1000.0,100.0,,,frecuente,0.3267123999539763,0,
4468,S35,18,Mujer,derecha,2,0,auditory,4,,,,EXP,1600.0,100.0,,,frecuente,0.3124611000530422,1,
4469,S35,18,Mujer,derecha,2,0,auditory,5,,,,VP,1600.0,160.0,,,raro,0.3508985999505967,1,
4470,S35,18,Mujer,derecha,2,0,auditory,6,,,,VP,1600.0,160.0,,,raro,2.3741592000005767,1,
4471,S35,18,Mujer,derecha,2,0,auditory,7,,,,EXP,1000.0,160.0,,,frecuente,1.042273800005205,1,
4472,S35,18,Mujer,derecha,2,1,visual,0,EXP,90.0,135.0,,,,,,frecuente,5.05921750003472,1,
4473,S35,18,Mujer,derecha,2,1,visual,1,VP,0.0,135.0,,,,,,frecuente,0.4298473000526428,0,
4474,S35,18,Mujer,derecha,2,1,visual,2,VP,90.0,45.0,,,,,,frecuente,0.2834413000382483,0,
4475,S35,18,Mujer,derecha,2,1,visual,3,EXP,0.0,45.0,,,,,,raro,1.6791009000735355,0,
4476,S35,18,Mujer,derecha,2,1,visual,4,EXP,0.0,45.0,,,,,,raro,0.4959063000278547,0,
4477,S35,18,Mujer,derecha,2,1,visual,5,VP,0.0,135.0,,,,,,frecuente,0.525054799974896,0,
4478,S35,18,Mujer,derecha,2,1,visual,6,VP,90.0,45.0,,,,,,raro,1.1556763999396935,1,
4479,S35,18,Mujer,derecha,2,1,visual,7,EXP,90.0,135.0,,,,,,frecuente,1.2657326000044122,1,
5360,S36,21,Mujer,derecha,2,0,visual,0,EXP,0.0,45.0,,,,,,frecuente,1.206536400000914,1,
5361,S36,21,Mujer,derecha,2,0,visual,1,VP,90.0,45.0,,,,,,raro,1.1699685000057798,1,
5362,S36,21,Mujer,derecha,2,0,visual,2,EXP,90.0,135.0,,,,,,raro,0.629415199990035,0,
5363,S36,21,Mujer,derecha,2,0,visual,3,EXP,90.0,135.0,,,,,,frecuente,1.4648000999877695,1,
5364,S36,21,Mujer,derecha,2,0,visual,4,VP,90.0,45.0,,,,,,raro,0.4676054000010481,1,
5365,S36,21,Mujer,derecha,2,0,visual,5,VP,0.0,135.0,,,,,,raro,0.5677261000091676,1,
5366,S36,21,Mujer,derecha,2,0,visual,6,EXP,0.0,45.0,,,,,,frecuente,0.0830493999965256,1,
5367,S36,21,Mujer,derecha,2,0,visual,7,VP,0.0,135.0,,,,,,frecuente,1.3271112000074936,0,
5368,S36,21,Mujer,derecha,2,1,auditory,0,,,,EXP,1000.0,100.0,,,frecuente,0.7383480999997118,1,
5369,S36,21,Mujer,derecha,2,1,auditory,1,,,,EXP,1600.0,160.0,,,frecuente,0.7584198999975342,1,
5370,S36,21,Mujer,derecha,2,1,auditory,2,,,,VP,1600.0,100.0,,,raro,2.216490699996939,1,
5371,S36,21,Mujer,derecha,2,1,auditory,3,,,,VP,1000.0,160.0,,,frecuente,1.5866400000086287,0,
5372,S36,21,Mujer,derecha,2,1,auditory,4,,,,VP,1600.0,100.0,,,frecuente,1.0827462000015655,0,
5373,S36,21,Mujer,derecha,2,1,auditory,5,,,,EXP,1600.0,160.0,,,raro,0.4854245000024093,0,
5374,S36,21,Mujer,derecha,2,1,auditory,6,,,,EXP,1000.0,100.0,,,frecuente,0.7428484000120079,1,
5375,S36,21,Mujer,derecha,2,1,auditory,7,,,,VP,1000.0,160.0,,,raro,0.6369100999872899,1,
6256,S37,18,Mujer,izquierda,2,0,auditory,0,,,,EXP,1600.0,100.0,,,raro,4.590192700037733,0,
6257,S37,18,Mujer,izquierda,2,0,auditory,1,,,,VP,1000.0,100.0,,,raro,0.461739799939096,1,
6258,S37,18,Mujer,izquierda,2,0,auditory,2,,,,VP,1600.0,160.0,,,raro,1.305724199861288,1,
6259,S37,18,Mujer,izquierda,2,0,auditory,3,,,,EXP,1600.0,100.0,,,raro,0.7340414000209421,0,
6260,S37,18,Mujer,izquierda,2,0,auditory,4,,,,EXP,1000.0,160.0,,,raro,0.5978342001326382,0,
6261,S37,18,Mujer,izquierda,2,0,auditory,5,,,,VP,1000.0,100.0,,,frecuente,0.2975550999399274,0,
6262,S37,18,Mujer,izquierda,2,0,auditory,6,,,,VP,1600.0,160.0,,,frecuente,0.574541499838233,0,
6263,S37,18,Mujer,izquierda,2,0,auditory,7,,,,EXP,1000.0,160.0,,,frecuente,0.2493374000769108,1,
6264,S37,18,Mujer,izquierda,2,1,visual,0,VP,90.0,45.0,,,,,,frecuente,1.9227677001617849,0,
6265,S37,18,Mujer,izquierda,2,1,visual,1,VP,90.0,45.0,,,,,,frecuente,0.1731196998152881,0,
6266,S37,18,Mujer,izquierda,2,1,visual,2,VP,0.0,135.0,,,,,,raro,0.0475222000386565,1,
6267,S37,18,Mujer,izquierda,2,1,visual,3,EXP,0.0,45.0,,,,,,frecuente,2.953250200022012,1,
6268,S37,18,Mujer,izquierda,2,1,visual,4,VP,0.0,135.0,,,,,,raro,3.343521799892187,1,
6269,S37,18,Mujer,izquierda,2,1,visual,5,EXP,0.0,45.0,,,,,,frecuente,0.6066302999388427,1,
6270,S37,18,Mujer,izquierda,2,1,visual,6,EXP,90.0,135.0,,,,,,raro,0.9527920000255108,0,
6271,S37,18,Mujer,izquierda,2,1,visual,7,EXP,90.0,135.0,,,,,,frecuente,0.3700227001681924,1,
7152,S38,18,Mujer,derecha,2,0,visual,0,VP,90.0,45.0,,,,,,frecuente,5.723629500018433,0,
7153,S38,18,Mujer,derecha,2,0,visual,1,VP,90.0,45.0,,,,,,frecuente,0.6269747000187635,0,
7154,S38,18,Mujer,derecha,2,0,visual,2,EXP,0.0,45.0,,,,,,frecuente,0.1429162999847903,1,
7155,S38,18,Mujer,derecha,2,0,visual,3,VP,0.0,135.0,,,,,,frecuente,0.3223710000747815,0,
7156,S38,18,Mujer,derecha,2,0,visual,4,EXP,90.0,135.0,,,,,,frecuente,0.1661802999442443,1,
7157,S38,18,Mujer,derecha,2,0,visual,5,VP,0.0,135.0,,,,,,frecuente,0.1191336000338196,0,
7158,S38,18,Mujer,derecha,2,0,visual,6,EXP,0.0,45.0,,,,,,frecuente,0.0367868000175803,1,
7159,S38,18,Mujer,derecha,2,0,visual,7,EXP,90.0,135.0,,,,,,frecuente,0.0270425000926479,1,
7160,S38,18,Mujer,derecha,2,1,auditory,0,,,,VP,1000.0,160.0,,,raro,1.1981574000092223,1,
7161,S38,18,Mujer,derecha,2,1,auditory,1,,,,VP,1600.0,100.0,,,frecuente,0.3256328999996185,0,
7162,S38,18,Mujer,derecha,2,1,auditory,2,,,,VP,1600.0,100.0,,,raro,0.2768981999251991,1,
7163,S38,18,Mujer,derecha,2,1,auditory,3,,,,EXP,1600.0,160.0,,,frecuente,0.9852816000347956,1,
7164,S38,18,Mujer,derecha,2,1,auditory,4,,,,EXP,1000.0,100.0,,,frecuente,1.0908697999548167,1,
7165,S38,18,Mujer,derecha,2,1,auditory,5,,,,VP,1000.0,160.0,,,frecuente,0.5172354000387713,0,
7166,S38,18,Mujer,derecha,2,1,auditory,6,,,,EXP,1000.0,100.0,,,raro,0.2207870999118313,0,
7167,S38,18,Mujer,derecha,2,1,auditory,7,,,,EXP,1600.0,160.0,,,frecuente,1.1660890999482945,1,
8048,S39,18,Mujer,derecha,2,0,visual,0,EXP,90.0,45.0,,,,,,frecuente,2.371462400013116,1,
8049,S39,18,Mujer,derecha,2,0,visual,1,VP,90.0,135.0,,,,,,frecuente,1.2571470999973826,0,
8050,S39,18,Mujer,derecha,2,0,visual,2,VP,0.0,45.0,,,,,,frecuente,0.307402300008107,0,
8051,S39,18,Mujer,derecha,2,0,visual,3,EXP,90.0,45.0,,,,,,frecuente,1.161831000004895,1,
8052,S39,18,Mujer,derecha,2,0,visual,4,VP,0.0,45.0,,,,,,frecuente,0.2052397000370547,0,
8053,S39,18,Mujer,derecha,2,0,visual,5,EXP,0.0,135.0,,,,,,frecuente,1.4334155999822542,1,
8054,S39,18,Mujer,derecha,2,0,visual,6,EXP,0.0,135.0,,,,,,frecuente,0.3356664999737404,1,
8055,S39,18,Mujer,derecha,2,0,visual,7,VP,90.0,135.0,,,,,,raro,0.8028756999992765,1,
8056,S39,18,Mujer,derecha,2,1,auditory,0,,,,EXP,1000.0,160.0,,,frecuente,2.029764100036118,1,
8057,S39,18,Mujer,derecha,2,1,auditory,1,,,,VP,1000.0,100.0,,,frecuente,0.608949700021185,0,
8058,S39,18,Mujer,derecha,2,1,auditory,2,,,,EXP,1600.0,100.0,,,frecuente,1.5950321999844164,1,
8059,S39,18,Mujer,derecha,2,1,auditory,3,,,,VP,1000.0,100.0,,,frecuente,0.3837476000189781,0,
8060,S39,18,Mujer,derecha,2,1,auditory,4,,,,EXP,1600.0,100.0,,,frecuente,0.172547599999234,1,
8061,S39,18,Mujer,derecha,2,1,auditory,5,,,,EXP,1000.0,160.0,,,raro,0.7426695000031032,0,
8062,S39,18,Mujer,derecha,2,1,auditory,6,,,,VP,1600.0,160.0,,,frecuente,0.4402196999872103,0,
8063,S39,18,Mujer,derecha,2,1,auditory,7,,,,VP,1600.0,160.0,,,frecuente,0.1730922000133432,0,
8944,S40,22,Mujer,derecha,2,0,visual,0,VP,0.0,135.0,,,,,,frecuente,4.611186399999497,0,
8945,S40,22,Mujer,derecha,2,0,visual,1,EXP,0.0,45.0,,,,,,frecuente,0.608321600000636,1,
8946,S40,22,Mujer,derecha,2,0,visual,2,EXP,90.0,135.0,,,,,,frecuente,0.4003971000001911,1,
8947,S40,22,Mujer,derecha,2,0,visual,3,VP,0.0,135.0,,,,,,frecuente,0.4635154000006878,0,
8948,S40,22,Mujer,derecha,2,0,visual,4,EXP,90.0,135.0,,,,,,frecuente,0.501359699999739,1,
8949,S40,22,Mujer,derecha,2,0,visual,5,EXP,0.0,45.0,,,,,,frecuente,3.7188459999997576,1,
8950,S40,22,Mujer,derecha,2,0,visual,6,VP,90.0,45.0,,,,,,frecuente,5.24459620000016,0,
8951,S40,22,Mujer,derecha,2,0,visual,7,VP,90.0,45.0,,,,,,frecuente,0.4016434999994089,0,
8952,S40,22,Mujer,derecha,2,1,auditory,0,,,,EXP,1600.0,160.0,,,frecuente,3.927288599999883,1,
8953,S40,22,Mujer,derecha,2,1,auditory,1,,,,VP,1600.0,100.0,,,frecuente,2.609724899999492,0,
8954,S40,22,Mujer,derecha,2,1,auditory,2,,,,EXP,1000.0,100.0,,,raro,2.3818374000002223,0,
8955,S40,22,Mujer,derecha,2,1,auditory,3,,,,VP,1000.0,160.0,,,frecuente,2.817529400001149,0,
8956,S40,22,Mujer,derecha,2,1,auditory,4,,,,VP,1600.0,100.0,,,frecuente,0.3241211000004114,0,
8957,S40,22,Mujer,derecha,2,1,auditory,5,,,,EXP,1600.0,160.0,,,frecuente,2.7413080999995145,1,
8958,S40,22,Mujer,derecha,2,1,auditory,6,,,,VP,1000.0,160.0,,,raro,3.2285160000010364,1,
8959,S40,22,Mujer,derecha,2,1,auditory,7,,,,EXP,1000.0,100.0,,,raro,1.432081000000835,0,
9840,S41,21,Mujer,derecha,2,0,visual,0,VP,90.0,45.0,,,,,,frecuente,2.8368599000386894,0,
9841,S41,21,Mujer,derecha,2,0,visual,1,EXP,90.0,135.0,,,,,,frecuente,1.2035288999904878,1,
9842,S41,21,Mujer,derecha,2,0,visual,2,VP,0.0,135.0,,,,,,raro,1.1314977000001818,1,
9843,S41,21,Mujer,derecha,2,0,visual,3,VP,0.0,135.0,,,,,,frecuente,0.9761349000036716,0,
9844,S41,21,Mujer,derecha,2,0,visual,4,EXP,0.0,45.0,,,,,,frecuente,0.776393799984362,1,
9845,S41,21,Mujer,derecha,2,0,visual,5,VP,90.0,45.0,,,,,,frecuente,0.7813045000075363,0,
9846,S41,21,Mujer,derecha,2,0,visual,6,EXP,0.0,45.0,,,,,,raro,0.9521821000380442,0,
9847,S41,21,Mujer,derecha,2,0,visual,7,EXP,90.0,135.0,,,,,,frecuente,0.8165165000245906,1,
9848,S41,21,Mujer,derecha,2,1,auditory,0,,,,EXP,1000.0,100.0,,,raro,1.8585274000070056,0,
9849,S41,21,Mujer,derecha,2,1,auditory,1,,,,EXP,1000.0,100.0,,,frecuente,0.7699691000161693,1,
9850,S41,21,Mujer,derecha,2,1,auditory,2,,,,EXP,1600.0,160.0,,,frecuente,0.9029371999786237,1,
9851,S41,21,Mujer,derecha,2,1,auditory,3,,,,EXP,1600.0,160.0,,,frecuente,1.4643438000348397,1,
9852,S41,21,Mujer,derecha,2,1,auditory,4,,,,VP,1000.0,160.0,,,raro,0.6301962999859825,1,
9853,S41,21,Mujer,derecha,2,1,auditory,5,,,,VP,1600.0,100.0,,,frecuente,2.1558940000250004,0,
9854,S41,21,Mujer,derecha,2,1,auditory,6,,,,VP,1600.0,100.0,,,frecuente,1.2017941999947652,0,
9855,S41,21,Mujer,derecha,2,1,auditory,7,,,,VP,1000.0,160.0,,,raro,0.5282871999661438,1,
10736,S42,18,Mujer,derecha,2,0,visual,0,EXP,90.0,135.0,,,,,,frecuente,3.486050300009083,1,
10737,S42,18,Mujer,derecha,2,0,visual,1,VP,0.0,135.0,,,,,,frecuente,0.2763056999538094,0,
10738,S42,18,Mujer,derecha,2,0,visual,2,EXP,90.0,135.0,,,,,,frecuente,0.2487385999993421,1,
10739,S42,18,Mujer,derecha,2,0,visual,3,VP,90.0,45.0,,,,,,frecuente,0.4367735999985598,0,
10740,S42,18,Mujer,derecha,2,0,visual,4,VP,0.0,135.0,,,,,,frecuente,0.0349050000077113,0,
10741,S42,18,Mujer,derecha,2,0,visual,5,VP,90.0,45.0,,,,,,frecuente,0.1347359999781474,0,
10742,S42,18,Mujer,derecha,2,0,visual,6,EXP,0.0,45.0,,,,,,frecuente,0.3393901999806985,1,
10743,S42,18,Mujer,derecha,2,0,visual,7,EXP,0.0,45.0,,,,,,frecuente,0.2718694999930449,1,
10744,S42,18,Mujer,derecha,2,1,auditory,0,,,,VP,1600.0,160.0,,,raro,2.2143388999975286,1,
10745,S42,18,Mujer,derecha,2,1,auditory,1,,,,EXP,1000.0,160.0,,,frecuente,3.0155154000385664,1,
10746,S42,18,Mujer,derecha,2,1,auditory,2,,,,EXP,1600.0,100.0,,,frecuente,3.5524203999666497,1,
10747,S42,18,Mujer,derecha,2,1,auditory,3,,,,EXP,1600.0,100.0,,,frecuente,0.5295510999858379,1,
10748,S42,18,Mujer,derecha,2,1,auditory,4,,,,EXP,1000.0,160.0,,,frecuente,1.7016070000245236,1,
10749,S42,18,Mujer,derecha,2,1,auditory,5,,,,VP,1000.0,100.0,,,raro,3.4690241999924183,1,
10750,S42,18,Mujer,derecha,2,1,auditory,6,,,,VP,1600.0,160.0,,,frecuente,1.7964459999930114,0,
10751,S42,18,Mujer,derecha,2,1,auditory,7,,,,VP,1000.0,100.0,,,raro,0.9347373999771662,1,
11632,S43,22,Hombre,derecha,2,0,auditory,0,,,,EXP,1000.0,160.0,,,raro,2.513011600000027,0,
11633,S43,22,Hombre,derecha,2,0,auditory,1,,,,EXP,1600.0,100.0,,,frecuente,0.5913873999998032,1,
11634,S43,22,Hombre,derecha,2,0,auditory,2,,,,VP,1600.0,160.0,,,frecuente,0.4558573000003889,0,
11635,S43,22,Hombre,derecha,2,0,auditory,3,,,,VP,1000.0,100.0,,,frecuente,0.4063940000005459,0,
11636,S43,22,Hombre,derecha,2,0,auditory,4,,,,VP,1600.0,160.0,,,frecuente,0.6259935999996742,0,
11637,S43,22,Hombre,derecha,2,0,auditory,5,,,,EXP,1600.0,100.0,,,frecuente,0.3232352000004539,1,
11638,S43,22,Hombre,derecha,2,0,auditory,6,,,,EXP,1000.0,160.0,,,frecuente,0.4515418999999383,1,
11639,S43,22,Hombre,derecha,2,0,auditory,7,,,,VP,1000.0,100.0,,,frecuente,0.2977640999997675,0,
11640,S43,22,Hombre,derecha,2,1,visual,0,VP,0.0,45.0,,,,,,frecuente,0.9936955000002854,0,
11641,S43,22,Hombre,derecha,2,1,visual,1,EXP,0.0,135.0,,,,,,frecuente,0.3087354999997842,1,
11642,S43,22,Hombre,derecha,2,1,visual,2,VP,0.0,45.0,,,,,,frecuente,0.3537393000005977,0,
11643,S43,22,Hombre,derecha,2,1,visual,3,EXP,90.0,45.0,,,,,,frecuente,0.2943356999994648,1,
11644,S43,22,Hombre,derecha,2,1,visual,4,VP,90.0,135.0,,,,,,frecuente,0.2930176999998366,0,
11645,S43,22,Hombre,derecha,2,1,visual,5,EXP,0.0,135.0,,,,,,frecuente,0.2373606999999538,1,
11646,S43,22,Hombre,derecha,2,1,visual,6,VP,90.0,135.0,,,,,,frecuente,0.4789456999997128,0,
11647,S43,22,Hombre,derecha,2,1,visual,7,EXP,90.0,45.0,,,,,,raro,0.2243828000000576,0,
12528,S44,19,Hombre,izquierda,2,0,visual,0,VP,90.0,135.0,,,,,,frecuente,4.160141000000294,0,
12529,S44,19,Hombre,izquierda,2,0,visual,1,EXP,0.0,135.0,,,,,,frecuente,1.364743800000724,1,
12530,S44,19,Hombre,izquierda,2,0,visual,2,VP,0.0,45.0,,,,,,raro,1.825594300000376,1,
12531,S44,19,Hombre,izquierda,2,0,visual,3,VP,90.0,135.0,,,,,,frecuente,1.3192046000003756,0,
12532,S44,19,Hombre,izquierda,2,0,visual,4,EXP,90.0,45.0,,,,,,raro,2.994023399998696,0,
12533,S44,19,Hombre,izquierda,2,0,visual,5,EXP,90.0,45.0,,,,,,frecuente,1.6157029999994847,1,
12534,S44,19,Hombre,izquierda,2,0,visual,6,EXP,0.0,135.0,,,,,,raro,1.4066176999986055,0,
12535,S44,19,Hombre,izquierda,2,0,visual,7,VP,0.0,45.0,,,,,,frecuente,1.822509000001446,0,
12536,S44,19,Hombre,izquierda,2,1,auditory,0,,,,EXP,1600.0,100.0,,,frecuente,0.9796190000015486,1,
12537,S44,19,Hombre,izquierda,2,1,auditory,1,,,,EXP,1000.0,160.0,,,raro,2.565202599998884,0,
12538,S44,19,Hombre,izquierda,2,1,auditory,2,,,,VP,1600.0,160.0,,,frecuente,0.7884838999998465,0,
12539,S44,19,Hombre,izquierda,2,1,auditory,3,,,,VP,1600.0,160.0,,,frecuente,0.7771140999975614,0,
12540,S44,19,Hombre,izquierda,2,1,auditory,4,,,,VP,1000.0,100.0,,,frecuente,0.5855550000014773,0,
12541,S44,19,Hombre,izquierda,2,1,auditory,5,,,,EXP,1000.0,160.0,,,frecuente,0.7868445999993128,1,
12542,S44,19,Hombre,izquierda,2,1,auditory,6,,,,EXP,1600.0,100.0,,,frecuente,0.5905320000019856,1,
12543,S44,19,Hombre,izquierda,2,1,auditory,7,,,,VP,1000.0,100.0,,,raro,0.4646002000008593,1,
13424,S45,19,Mujer,derecha,2,0,visual,0,EXP,90.0,135.0,,,,,,raro,2.7820942999678664,0,
13425,S45,19,Mujer,derecha,2,0,visual,1,EXP,90.0,135.0,,,,,,frecuente,1.7510915999882857,1,
13426,S45,19,Mujer,derecha,2,0,visual,2,VP,90.0,45.0,,,,,,raro,0.6002804999588989,1,
13427,S45,19,Mujer,derecha,2,0,visual,3,VP,0.0,135.0,,,,,,frecuente,0.9851021000067705,0,
13428,S45,19,Mujer,derecha,2,0,visual,4,EXP,0.0,45.0,,,,,,frecuente,0.3589100000099279,1,
13429,S45,19,Mujer,derecha,2,0,visual,5,VP,0.0,135.0,,,,,,raro,0.8744851999799721,1,
13430,S45,19,Mujer,derecha,2,0,visual,6,EXP,0.0,45.0,,,,,,frecuente,1.2693547999951988,1,
13431,S45,19,Mujer,derecha,2,0,visual,7,VP,90.0,45.0,,,,,,frecuente,0.223801199987065,0,
13432,S45,19,Mujer,derecha,2,1,auditory,0,,,,EXP,1600.0,100.0,,,frecuente,0.94986739999149,1,
13433,S45,19,Mujer,derecha,2,1,auditory,1,,,,EXP,1600.0,100.0,,,frecuente,0.4900471000000834,1,
13434,S45,19,Mujer,derecha,2,1,auditory,2,,,,VP,1600.0,160.0,,,raro,0.5282733000349253,1,
13435,S45,19,Mujer,derecha,2,1,auditory,3,,,,VP,1000.0,100.0,,,frecuente,0.5945019000209868,0,
13436,S45,19,Mujer,derecha,2,1,auditory,4,,,,EXP,1000.0,160.0,,,frecuente,0.4039575000060722,1,
13437,S45,19,Mujer,derecha,2,1,auditory,5,,,,EXP,1000.0,160.0,,,frecuente,0.3146847999887541,1,
13438,S45,19,Mujer,derecha,2,1,auditory,6,,,,VP,1600.0,160.0,,,raro,0.3493976999889128,1,
13439,S45,19,Mujer,derecha,2,1,auditory,7,,,,VP,1000.0,100.0,,,frecuente,0.476232000044547,0,
14320,S46,18,Mujer,derecha,2,0,visual,0,VP,0.0,135.0,,,,,,frecuente,3.5204004999250174,0,
14321,S46,18,Mujer,derecha,2,0,visual,1,EXP,90.0,135.0,,,,,,raro,2.030593800125644,0,
14322,S46,18,Mujer,derecha,2,0,visual,2,VP,90.0,45.0,,,,,,raro,2.620087999850512,1,
14323,S46,18,Mujer,derecha,2,0,visual,3,EXP,0.0,45.0,,,,,,frecuente,0.4060796999838203,1,
14324,S46,18,Mujer,derecha,2,0,visual,4,VP,0.0,135.0,,,,,,frecuente,0.8329331001732498,0,
14325,S46,18,Mujer,derecha,2,0,visual,5,EXP,90.0,135.0,,,,,,raro,0.8488459999207407,0,
14326,S46,18,Mujer,derecha,2,0,visual,6,EXP,0.0,45.0,,,,,,frecuente,1.089186399942264,1,
14327,S46,18,Mujer,derecha,2,0,visual,7,VP,90.0,45.0,,,,,,frecuente,1.9660821999423208,0,
14328,S46,18,Mujer,derecha,2,1,auditory,0,,,,VP,1000.0,160.0,,,frecuente,1.1181473000906408,0,
14329,S46,18,Mujer,derecha,2,1,auditory,1,,,,EXP,1000.0,100.0,,,frecuente,0.888889400055632,1,
14330,S46,18,Mujer,derecha,2,1,auditory,2,,,,EXP,1600.0,160.0,,,frecuente,0.7568294000811875,1,
14331,S46,18,Mujer,derecha,2,1,auditory,3,,,,VP,1000.0,160.0,,,raro,0.6233534999191761,1,
14332,S46,18,Mujer,derecha,2,1,auditory,4,,,,EXP,1600.0,160.0,,,frecuente,1.1143563000950962,1,
14333,S46,18,Mujer,derecha,2,1,auditory,5,,,,VP,1600.0,100.0,,,raro,1.977157599991188,1,
14334,S46,18,Mujer,derecha,2,1,auditory,6,,,,VP,1600.0,100.0,,,frecuente,1.6293466000352057,0,
14335,S46,18,Mujer,derecha,2,1,auditory,7,,,,EXP,1000.0,100.0,,,frecuente,1.7557433999609202,1,
15216,S47,18,Mujer,derecha,2,0,visual,0,VP,0.0,135.0,,,,,,frecuente,2.465897799935192,0,
15217,S47,18,Mujer,derecha,2,0,visual,1,EXP,90.0,135.0,,,,,,frecuente,0.1816414999775588,1,
15218,S47,18,Mujer,derecha,2,0,visual,2,EXP,0.0,45.0,,,,,,raro,0.0781756998039782,0,
15219,S47,18,Mujer,derecha,2,0,visual,3,EXP,0.0,45.0,,,,,,frecuente,0.1825952001381665,1,
15220,S47,18,Mujer,derecha,2,0,visual,4,VP,90.0,45.0,,,,,,frecuente,0.3445252999663353,0,
15221,S47,18,Mujer,derecha,2,0,visual,5,EXP,90.0,135.0,,,,,,frecuente,0.2518190999981016,1,
15222,S47,18,Mujer,derecha,2,0,visual,6,VP,0.0,135.0,,,,,,raro,0.2424705999437719,1,
15223,S47,18,Mujer,derecha,2,0,visual,7,VP,90.0,45.0,,,,,,raro,0.1838981001637876,1,
15224,S47,18,Mujer,derecha,2,1,auditory,0,,,,EXP,1000.0,100.0,,,raro,0.6053804000839591,0,
15225,S47,18,Mujer,derecha,2,1,auditory,1,,,,EXP,1600.0,160.0,,,frecuente,0.2248147001955658,1,
15226,S47,18,Mujer,derecha,2,1,auditory,2,,,,VP,1000.0,160.0,,,frecuente,0.1850498998537659,0,
15227,S47,18,Mujer,derecha,2,1,auditory,3,,,,VP,1000.0,160.0,,,frecuente,0.1153750999365001,0,
15228,S47,18,Mujer,derecha,2,1,auditory,4,,,,EXP,1600.0,160.0,,,raro,0.2081832000985741,0,
15229,S47,18,Mujer,derecha,2,1,auditory,5,,,,VP,1600.0,100.0,,,frecuente,1.510261599905789,0,
15230,S47,18,Mujer,derecha,2,1,auditory,6,,,,EXP,1000.0,100.0,,,frecuente,1.3206245000474155,1,
15231,S47,18,Mujer,derecha,2,1,auditory,7,,,,VP,1600.0,100.0,,,raro,0.0955923001747578,1,
16112,S48,20,Mujer,derecha,2,0,visual,0,EXP,90.0,135.0,,,,,,frecuente,3.3961205999949016,1,
16113,S48,20,Mujer,derecha,2,0,visual,1,VP,90.0,45.0,,,,,,frecuente,2.042907099996228,0,
16114,S48,20,Mujer,derecha,2,0,visual,2,EXP,0.0,45.0,,,,,,frecuente,0.8730362000060268,1,
16115,S48,20,Mujer,derecha,2,0,visual,3,VP,0.0,135.0,,,,,,frecuente,0.1383522000396624,0,
16116,S48,20,Mujer,derecha,2,0,visual,4,VP,0.0,135.0,,,,,,frecuente,1.0057486000005156,0,
16117,S48,20,Mujer,derecha,2,0,visual,5,EXP,90.0,135.0,,,,,,frecuente,0.6577496000099927,1,
16118,S48,20,Mujer,derecha,2,0,visual,6,EXP,0.0,45.0,,,,,,frecuente,0.3697459999821149,1,
16119,S48,20,Mujer,derecha,2,0,visual,7,VP,90.0,45.0,,,,,,frecuente,0.2771118000382557,0,
16120,S48,20,Mujer,derecha,2,1,auditory,0,,,,EXP,1000.0,100.0,,,frecuente,0.4142621000064537,1,
16121,S48,20,Mujer,derecha,2,1,auditory,1,,,,VP,1000.0,160.0,,,frecuente,0.3529631000128574,0,
16122,S48,20,Mujer,derecha,2,1,auditory,2,,,,VP,1600.0,100.0,,,raro,4.159640399971977,1,
16123,S48,20,Mujer,derecha,2,1,auditory,3,,,,VP,1600.0,100.0,,,frecuente,0.5083791999495588,0,
16124,S48,20,Mujer,derecha,2,1,auditory,4,,,,VP,1000.0,160.0,,,frecuente,0.4084405999747105,0,
16125,S48,20,Mujer,derecha,2,1,auditory,5,,,,EXP,1600.0,160.0,,,frecuente,0.10050289996434,1,
16126,S48,20,Mujer,derecha,2,1,auditory,6,,,,EXP,1600.0,160.0,,,frecuente,0.7471151999779977,1,
16127,S48,20,Mujer,derecha,2,1,auditory,7,,,,EXP,1000.0,100.0,,,raro,1.0979011000017636,0,
17008,S49,18,Mujer,izquierda,2,0,auditory,0,,,,VP,1600.0,100.0,,,frecuente,1.8423441001214087,0,
17009,S49,18,Mujer,izquierda,2,0,auditory,1,,,,EXP,1000.0,100.0,,,frecuente,0.397679700050503,1,
17010,S49,18,Mujer,izquierda,2,0,auditory,2,,,,VP,1600.0,100.0,,,frecuente,1.3478810000233352,0,
17011,S49,18,Mujer,izquierda,2,0,auditory,3,,,,VP,1000.0,160.0,,,frecuente,0.5821242001838982,0,
17012,S49,18,Mujer,izquierda,2,0,auditory,4,,,,EXP,1000.0,100.0,,,frecuente,0.3825250999070704,1,
17013,S49,18,Mujer,izquierda,2,0,auditory,5,,,,EXP,1600.0,160.0,,,frecuente,2.2008189000189304,1,
17014,S49,18,Mujer,izquierda,2,0,auditory,6,,,,EXP,1600.0,160.0,,,frecuente,0.5174487000331283,1,
17015,S49,18,Mujer,izquierda,2,0,auditory,7,,,,VP,1000.0,160.0,,,raro,0.5456195999868214,1,
17016,S49,18,Mujer,izquierda,2,1,visual,0,VP,0.0,45.0,,,,,,frecuente,1.381123499944806,0,
17017,S49,18,Mujer,izquierda,2,1,visual,1,EXP,0.0,135.0,,,,,,raro,1.38404899998568,0,
17018,S49,18,Mujer,izquierda,2,1,visual,2,EXP,90.0,45.0,,,,,,frecuente,0.3363079000264406,1,
17019,S49,18,Mujer,izquierda,2,1,visual,3,VP,0.0,45.0,,,,,,frecuente,0.4174533998593688,0,
17020,S49,18,Mujer,izquierda,2,1,visual,4,EXP,0.0,135.0,,,,,,raro,0.2419952000491321,0,
17021,S49,18,Mujer,izquierda,2,1,visual,5,VP,90.0,135.0,,,,,,raro,0.4440917000174522,1,
17022,S49,18,Mujer,izquierda,2,1,visual,6,VP,90.0,135.0,,,,,,raro,0.4859545000363141,1,
17023,S49,18,Mujer,izquierda,2,1,visual,7,EXP,90.0,45.0,,,,,,raro,0.7949202999006957,0,
17904,S50,18,Mujer,izquierda,2,0,auditory,0,,,,EXP,1000.0,160.0,,,frecuente,5.312142699956894,1,
17905,S50,18,Mujer,izquierda,2,0,auditory,1,,,,VP,1600.0,160.0,,,frecuente,0.8707054000115022,0,
17906,S50,18,Mujer,izquierda,2,0,auditory,2,,,,EXP,1600.0,100.0,,,frecuente,0.5317978999810293,1,
17907,S50,18,Mujer,izquierda,2,0,auditory,3,,,,VP,1600.0,160.0,,,frecuente,0.5836992000113241,0,
17908,S50,18,Mujer,izquierda,2,0,auditory,4,,,,VP,1000.0,100.0,,,frecuente,0.4126441000262275,0,
17909,S50,18,Mujer,izquierda,2,0,auditory,5,,,,EXP,1600.0,100.0,,,frecuente,0.5973093000357039,1,
17910,S50,18,Mujer,izquierda,2,0,auditory,6,,,,VP,1000.0,100.0,,,raro,1.2061236000154167,1,
17911,S50,18,Mujer,izquierda,2,0,auditory,7,,,,EXP,1000.0,160.0,,,frecuente,0.4310121000162326,1,
17912,S50,18,Mujer,izquierda,2,1,visual,0,VP,0.0,45.0,,,,,,frecuente,1.9357786999898965,0,
17913,S50,18,Mujer,izquierda,2,1,visual,1,EXP,90.0,45.0,,,,,,raro,1.1432952000177463,0,
17914,S50,18,Mujer,izquierda,2,1,visual,2,VP,90.0,135.0,,,,,,frecuente,1.2531597999623043,0,
17915,S50,18,Mujer,izquierda,2,1,visual,3,EXP,90.0,45.0,,,,,,raro,0.7902389999944717,0,
17916,S50,18,Mujer,izquierda,2,1,visual,4,EXP,0.0,135.0,,,,,,raro,0.7944620000198483,0,
17917,S50,18,Mujer,izquierda,2,1,visual,5,VP,90.0,135.0,,,,,,raro,0.9133385999593884,1,
17918,S50,18,Mujer,izquierda,2,1,visual,6,EXP,0.0,135.0,,,,,,frecuente,0.5527601999929175,1,
17919,S50,18,Mujer,izquierda,2,1,visual,7,VP,0.0,45.0,,,,,,frecuente,0.4003454000339843,0,
18800,S51,21,Mujer,derecha,2,0,visual,0,VP,0.0,135.0,,,,,,raro,3.85163399996236,1,
18801,S51,21,Mujer,derecha,2,0,visual,1,EXP,0.0,45.0,,,,,,frecuente,0.5885898999404162,1,
18802,S51,21,Mujer,derecha,2,0,visual,2,VP,0.0,135.0,,,,,,frecuente,0.8884984999895096,0,
18803,S51,21,Mujer,derecha,2,0,visual,3,VP,90.0,45.0,,,,,,frecuente,0.41089230007492,0,
18804,S51,21,Mujer,derecha,2,0,visual,4,EXP,0.0,45.0,,,,,,frecuente,0.2680138000287115,1,
18805,S51,21,Mujer,derecha,2,0,visual,5,VP,90.0,45.0,,,,,,frecuente,0.5150299000088125,0,
18806,S51,21,Mujer,derecha,2,0,visual,6,EXP,90.0,135.0,,,,,,frecuente,0.2960772998631,1,
18807,S51,21,Mujer,derecha,2,0,visual,7,EXP,90.0,135.0,,,,,,frecuente,0.2699351999908685,1,
18808,S51,21,Mujer,derecha,2,1,auditory,0,,,,VP,1000.0,160.0,,,raro,1.2829593000933528,1,
18809,S51,21,Mujer,derecha,2,1,auditory,1,,,,VP,1000.0,160.0,,,frecuente,0.4307404002174735,0,
18810,S51,21,Mujer,derecha,2,1,auditory,2,,,,EXP,1600.0,160.0,,,frecuente,0.4375644999090582,1,
18811,S51,21,Mujer,derecha,2,1,auditory,3,,,,EXP,1000.0,100.0,,,frecuente,1.0054655000567436,1,
18812,S51,21,Mujer,derecha,2,1,auditory,4,,,,EXP,1600.0,160.0,,,frecuente,0.3463401000481099,1,
18813,S51,21,Mujer,derecha,2,1,auditory,5,,,,VP,1600.0,100.0,,,frecuente,0.354756300104782,0,
18814,S51,21,Mujer,derecha,2,1,auditory,6,,,,EXP,1000.0,100.0,,,frecuente,0.3066128001082688,1,
18815,S51,21,Mujer,derecha,2,1,auditory,7,,,,VP,1600.0,100.0,,,frecuente,0.2973772999830544,0,
19696,S52,22,Mujer,derecha,2,0,visual,0,EXP,90.0,135.0,,,,,,frecuente,2.188346599927172,1,
19697,S52,22,Mujer,derecha,2,0,visual,1,VP,0.0,135.0,,,,,,frecuente,0.5275969000067562,0,
19698,S52,22,Mujer,derecha,2,0,visual,2,VP,0.0,135.0,,,,,,frecuente,0.8663258999586105,0,
19699,S52,22,Mujer,derecha,2,0,visual,3,VP,90.0,45.0,,,,,,frecuente,0.8578863999573514,0,
19700,S52,22,Mujer,derecha,2,0,visual,4,EXP,0.0,45.0,,,,,,frecuente,0.1863197999773547,1,
19701,S52,22,Mujer,derecha,2,0,visual,5,EXP,90.0,135.0,,,,,,frecuente,0.2831740999827161,1,
19702,S52,22,Mujer,derecha,2,0,visual,6,VP,90.0,45.0,,,,,,frecuente,0.2384779000421986,0,
19703,S52,22,Mujer,derecha,2,0,visual,7,EXP,0.0,45.0,,,,,,frecuente,0.1072471999796107,1,
19704,S52,22,Mujer,derecha,2,1,auditory,0,,,,EXP,1600.0,160.0,,,frecuente,2.24594639998395,1,
19705,S52,22,Mujer,derecha,2,1,auditory,1,,,,EXP,1600.0,160.0,,,raro,1.3752537000691518,0,
19706,S52,22,Mujer,derecha,2,1,auditory,2,,,,VP,1600.0,100.0,,,raro,0.7602001000195742,1,
19707,S52,22,Mujer,derecha,2,1,auditory,3,,,,EXP,1000.0,100.0,,,frecuente,0.8254335999954492,1,
19708,S52,22,Mujer,derecha,2,1,auditory,4,,,,VP,1000.0,160.0,,,frecuente,0.4905422999290749,0,
19709,S52,22,Mujer,derecha,2,1,auditory,5,,,,VP,1000.0,160.0,,,raro,1.5085242999484765,1,
19710,S52,22,Mujer,derecha,2,1,auditory,6,,,,VP,1600.0,100.0,,,frecuente,0.4752767999889329,0,
19711,S52,22,Mujer,derecha,2,1,auditory,7,,,,EXP,1000.0,100.0,,,frecuente,0.8940940999891609,1,
20592,S53,19,Mujer,derecha,2,0,visual,0,EXP,0.0,135.0,,,,,,frecuente,2.9265427000063937,1,
20593,S53,19,Mujer,derecha,2,0,visual,1,EXP,90.0,45.0,,,,,,frecuente,1.7937105000019071,1,
20594,S53,19,Mujer,derecha,2,0,visual,2,VP,90.0,135.0,,,,,,frecuente,0.7364968999900157,0,
20595,S53,19,Mujer,derecha,2,0,visual,3,VP,0.0,45.0,,,,,,frecuente,0.8847385999979451,0,
20596,S53,19,Mujer,derecha,2,0,visual,4,VP,90.0,135.0,,,,,,frecuente,2.635005500007537,0,
20597,S53,19,Mujer,derecha,2,0,visual,5,VP,0.0,45.0,,,,,,raro,1.8262677999882728,1,
20598,S53,19,Mujer,derecha,2,0,visual,6,EXP,0.0,135.0,,,,,,frecuente,0.469722299996647,1,
20599,S53,19,Mujer,derecha,2,0,visual,7,EXP,90.0,45.0,,,,,,frecuente,0.5634955999994418,1,
20600,S53,19,Mujer,derecha,2,1,auditory,0,,,,EXP,1600.0,160.0,,,frecuente,1.861155199992936,1,
20601,S53,19,Mujer,derecha,2,1,auditory,1,,,,VP,1000.0,160.0,,,frecuente,0.8256693000002997,0,
20602,S53,19,Mujer,derecha,2,1,auditory,2,,,,VP,1600.0,100.0,,,frecuente,0.9558404999988852,0,
20603,S53,19,Mujer,derecha,2,1,auditory,3,,,,VP,1600.0,100.0,,,frecuente,1.4640564000001175,0,
20604,S53,19,Mujer,derecha,2,1,auditory,4,,,,EXP,1000.0,100.0,,,raro,0.6574381000100402,0,
20605,S53,19,Mujer,derecha,2,1,auditory,5,,,,EXP,1000.0,100.0,,,raro,1.799169999998412,0,
20606,S53,19,Mujer,derecha,2,1,auditory,6,,,,EXP,1600.0,160.0,,,frecuente,0.9830097999947612,1,
20607,S53,19,Mujer,derecha,2,1,auditory,7,,,,VP,1000.0,160.0,,,frecuente,2.4980557999952,0,
21488,S54,20,Mujer,derecha,2,0,visual,0,VP,0.0,45.0,,,,,,frecuente,4.337272199999461,0,
21489,S54,20,Mujer,derecha,2,0,visual,1,VP,90.0,135.0,,,,,,frecuente,0.5594527999992351,0,
21490,S54,20,Mujer,derecha,2,0,visual,2,VP,0.0,45.0,,,,,,frecuente,0.2670118999994884,0,
21491,S54,20,Mujer,derecha,2,0,visual,3,EXP,90.0,45.0,,,,,,frecuente,1.1870430999997552,1,
21492,S54,20,Mujer,derecha,2,0,visual,4,EXP,90.0,45.0,,,,,,frecuente,0.4974989000002097,1,
21493,S54,20,Mujer,derecha,2,0,visual,5,EXP,0.0,135.0,,,,,,frecuente,0.5313613000007535,1,
21494,S54,20,Mujer,derecha,2,0,visual,6,EXP,0.0,135.0,,,,,,frecuente,0.4595511999996233,1,
21495,S54,20,Mujer,derecha,2,0,visual,7,VP,90.0,135.0,,,,,,raro,0.5948128999998517,1,
21496,S54,20,Mujer,derecha,2,1,auditory,0,,,,VP,1000.0,160.0,,,frecuente,1.29260129999966,0,
21497,S54,20,Mujer,derecha,2,1,auditory,1,,,,EXP,1600.0,160.0,,,frecuente,0.4742880000003424,1,
21498,S54,20,Mujer,derecha,2,1,auditory,2,,,,EXP,1000.0,100.0,,,frecuente,0.4733706999995775,1,
21499,S54,20,Mujer,derecha,2,1,auditory,3,,,,VP,1000.0,160.0,,,frecuente,0.3357090999998036,0,
21500,S54,20,Mujer,derecha,2,1,auditory,4,,,,EXP,1600.0,160.0,,,frecuente,0.3047394999994139,1,
21501,S54,20,Mujer,derecha,2,1,auditory,5,,,,VP,1600.0,100.0,,,frecuente,0.3868151000006037,0,
21502,S54,20,Mujer,derecha,2,1,auditory,6,,,,VP,1600.0,100.0,,,frecuente,0.2632839999996577,0,
21503,S54,20,Mujer,derecha,2,1,auditory,7,,,,EXP,1000.0,100.0,,,frecuente,0.3219027999994068,1,
22384,S55,19,Mujer,derecha,2,0,visual,0,VP,90.0,135.0,,,,,,frecuente,3.5512189000000944,0,
22385,S55,19,Mujer,derecha,2,0,visual,1,EXP,0.0,135.0,,,,,,frecuente,0.3600457000002279,1,
22386,S55,19,Mujer,derecha,2,0,visual,2,VP,90.0,135.0,,,,,,frecuente,0.660802600000352,0,
22387,S55,19,Mujer,derecha,2,0,visual,3,EXP,90.0,45.0,,,,,,frecuente,2.0238050000007206,1,
22388,S55,19,Mujer,derecha,2,0,visual,4,VP,0.0,45.0,,,,,,frecuente,1.4136843999995108,0,
22389,S55,19,Mujer,derecha,2,0,visual,5,EXP,90.0,45.0,,,,,,frecuente,0.4444991999998819,1,
22390,S55,19,Mujer,derecha,2,0,visual,6,EXP,0.0,135.0,,,,,,frecuente,0.9690575000004172,1,
22391,S55,19,Mujer,derecha,2,0,visual,7,VP,0.0,45.0,,,,,,raro,0.2663017000004402,1,
22392,S55,19,Mujer,derecha,2,1,auditory,0,,,,EXP,1000.0,160.0,,,frecuente,0.5733043999998699,1,
22393,S55,19,Mujer,derecha,2,1,auditory,1,,,,VP,1600.0,160.0,,,frecuente,0.5217569999995249,0,
22394,S55,19,Mujer,derecha,2,1,auditory,2,,,,VP,1600.0,160.0,,,frecuente,0.6405465999996522,0,
22395,S55,19,Mujer,derecha,2,1,auditory,3,,,,VP,1000.0,100.0,,,raro,1.6088976999999431,1,
22396,S55,19,Mujer,derecha,2,1,auditory,4,,,,EXP,1000.0,160.0,,,raro,0.3585591000000931,0,
22397,S55,19,Mujer,derecha,2,1,auditory,5,,,,EXP,1600.0,100.0,,,frecuente,0.3693704000006619,1,
22398,S55,19,Mujer,derecha,2,1,auditory,6,,,,VP,1000.0,100.0,,,frecuente,0.1868635999999242,0,
22399,S55,19,Mujer,derecha,2,1,auditory,7,,,,EXP,1600.0,100.0,,,frecuente,1.8723571999998967,1,
23280,S56,22,Mujer,derecha,2,0,auditory,0,,,,EXP,1600.0,160.0,,,frecuente,4.515128599945456,1,
23281,S56,22,Mujer,derecha,2,0,auditory,1,,,,VP,1600.0,100.0,,,frecuente,1.0211610000114888,0,
23282,S56,22,Mujer,derecha,2,0,auditory,2,,,,VP,1000.0,160.0,,,raro,0.7286043998319656,1,
23283,S56,22,Mujer,derecha,2,0,auditory,3,,,,VP,1600.0,100.0,,,frecuente,0.5585697998758405,0,
23284,S56,22,Mujer,derecha,2,0,auditory,4,,,,EXP,1000.0,100.0,,,frecuente,1.7826423000078648,1,
23285,S56,22,Mujer,derecha,2,0,auditory,5,,,,VP,1000.0,160.0,,,raro,0.5147821002174169,1,
23286,S56,22,Mujer,derecha,2,0,auditory,6,,,,EXP,1600.0,160.0,,,frecuente,0.4972805001307279,1,
23287,S56,22,Mujer,derecha,2,0,auditory,7,,,,EXP,1000.0,100.0,,,frecuente,1.0505975000560284,1,
23288,S56,22,Mujer,derecha,2,1,visual,0,VP,90.0,135.0,,,,,,raro,3.329646000172943,1,
23289,S56,22,Mujer,derecha,2,1,visual,1,EXP,90.0,45.0,,,,,,raro,0.904392700176686,0,
23290,S56,22,Mujer,derecha,2,1,visual,2,VP,0.0,45.0,,,,,,raro,0.6180337998084724,1,
23291,S56,22,Mujer,derecha,2,1,visual,3,EXP,0.0,135.0,,,,,,frecuente,0.5046975000295788,1,
23292,S56,22,Mujer,derecha,2,1,visual,4,VP,0.0,45.0,,,,,,raro,0.790353300049901,1,
23293,S56,22,Mujer,derecha,2,1,visual,5,EXP,90.0,45.0,,,,,,raro,0.6308602001518011,0,
23294,S56,22,Mujer,derecha,2,1,visual,6,VP,90.0,135.0,,,,,,frecuente,2.0076379000674933,0,
23295,S56,22,Mujer,derecha,2,1,visual,7,EXP,0.0,135.0,,,,,,frecuente,0.3611129999626428,1,
24176,S57,24,Mujer,derecha,2,0,auditory,0,,,,VP,1600.0,100.0,,,frecuente,3.050206999992952,0,
24177,S57,24,Mujer,derecha,2,0,auditory,1,,,,EXP,1600.0,160.0,,,frecuente,1.2234637999208644,1,
24178,S57,24,Mujer,derecha,2,0,auditory,2,,,,EXP,1600.0,160.0,,,frecuente,0.2752209999598562,1,
24179,S57,24,Mujer,derecha,2,0,auditory,3,,,,VP,1000.0,160.0,,,frecuente,0.3830066000809893,0,
24180,S57,24,Mujer,derecha,2,0,auditory,4,,,,EXP,1000.0,100.0,,,frecuente,0.2726637000450864,1,
24181,S57,24,Mujer,derecha,2,0,auditory,5,,,,EXP,1000.0,100.0,,,frecuente,0.3439480999950319,1,
24182,S57,24,Mujer,derecha,2,0,auditory,6,,,,VP,1600.0,100.0,,,frecuente,0.2470457999734208,0,
24183,S57,24,Mujer,derecha,2,0,auditory,7,,,,VP,1000.0,160.0,,,frecuente,0.2689587000058964,0,
24184,S57,24,Mujer,derecha,2,1,visual,0,VP,90.0,45.0,,,,,,frecuente,2.509209399926476,0,
24185,S57,24,Mujer,derecha,2,1,visual,1,EXP,90.0,135.0,,,,,,frecuente,0.2511576000833884,1,
24186,S57,24,Mujer,derecha,2,1,visual,2,EXP,90.0,135.0,,,,,,frecuente,0.1822127000195905,1,
24187,S57,24,Mujer,derecha,2,1,visual,3,VP,90.0,45.0,,,,,,frecuente,0.3025113000767305,0,
24188,S57,24,Mujer,derecha,2,1,visual,4,VP,0.0,135.0,,,,,,frecuente,0.5437836999772117,0,
24189,S57,24,Mujer,derecha,2,1,visual,5,VP,0.0,135.0,,,,,,raro,0.7737578999949619,1,
24190,S57,24,Mujer,derecha,2,1,visual,6,EXP,0.0,45.0,,,,,,raro,0.3345223000505939,0,
24191,S57,24,Mujer,derecha,2,1,visual,7,EXP,0.0,45.0,,,,,,frecuente,0.3671085999812931,1,
25072,S58,19,Mujer,derecha,2,0,auditory,0,,,,VP,1600.0,160.0,,,frecuente,2.369755699997768,0,
25073,S58,19,Mujer,derecha,2,0,auditory,1,,,,VP,1600.0,160.0,,,frecuente,0.937272600014694,0,
25074,S58,19,Mujer,derecha,2,0,auditory,2,,,,EXP,1000.0,160.0,,,raro,0.1814916000002995,0,
25075,S58,19,Mujer,derecha,2,0,auditory,3,,,,VP,1000.0,100.0,,,raro,3.475734799983911,1,
25076,S58,19,Mujer,derecha,2,0,auditory,4,,,,EXP,1600.0,100.0,,,frecuente,0.4357804000610485,1,
25077,S58,19,Mujer,derecha,2,0,auditory,5,,,,EXP,1000.0,160.0,,,raro,1.9158883000491187,0,
25078,S58,19,Mujer,derecha,2,0,auditory,6,,,,EXP,1600.0,100.0,,,frecuente,0.2542937999824062,1,
25079,S58,19,Mujer,derecha,2,0,auditory,7,,,,VP,1000.0,100.0,,,raro,0.8033912000246346,1,
25080,S58,19,Mujer,derecha,2,1,visual,0,VP,90.0,45.0,,,,,,frecuente,0.8597892000107095,0,
25081,S58,19,Mujer,derecha,2,1,visual,1,EXP,90.0,135.0,,,,,,raro,0.2926461999304592,0,
25082,S58,19,Mujer,derecha,2,1,visual,2,VP,0.0,135.0,,,,,,frecuente,1.1318300999701023,0,
25083,S58,19,Mujer,derecha,2,1,visual,3,VP,90.0,45.0,,,,,,raro,0.1942253999877721,1,
25084,S58,19,Mujer,derecha,2,1,visual,4,EXP,0.0,45.0,,,,,,frecuente,0.4435761000495404,1,
25085,S58,19,Mujer,derecha,2,1,visual,5,VP,0.0,135.0,,,,,,raro,0.1564498000079766,1,
25086,S58,19,Mujer,derecha,2,1,visual,6,EXP,0.0,45.0,,,,,,frecuente,0.0671489998931065,1,
25087,S58,19,Mujer,derecha,2,1,visual,7,EXP,90.0,135.0,,,,,,raro,1.166292400099337,0,
25968,S59,42,Mujer,izquierda,2,0,visual,0,VP,90.0,135.0,,,,,,raro,4.711265599999024,1,
25969,S59,42,Mujer,izquierda,2,0,visual,1,EXP,0.0,135.0,,,,,,frecuente,1.5544274000021687,1,
25970,S59,42,Mujer,izquierda,2,0,visual,2,VP,0.0,45.0,,,,,,frecuente,1.8721413999992365,0,
25971,S59,42,Mujer,izquierda,2,0,visual,3,EXP,90.0,45.0,,,,,,frecuente,0.8847726000021794,1,
25972,S59,42,Mujer,izquierda,2,0,visual,4,EXP,0.0,135.0,,,,,,frecuente,1.5089201999981017,1,
25973,S59,42,Mujer,izquierda,2,0,visual,5,VP,0.0,45.0,,,,,,frecuente,0.5426435000008496,0,
25974,S59,42,Mujer,izquierda,2,0,visual,6,EXP,90.0,45.0,,,,,,frecuente,0.3943282000000181,1,
25975,S59,42,Mujer,izquierda,2,0,visual,7,VP,90.0,135.0,,,,,,frecuente,0.7168381999981648,0,
25976,S59,42,Mujer,izquierda,2,1,auditory,0,,,,EXP,1000.0,100.0,,,frecuente,1.715732699998625,1,
25977,S59,42,Mujer,izquierda,2,1,auditory,1,,,,VP,1600.0,100.0,,,frecuente,1.94063240000105,0,
25978,S59,42,Mujer,izquierda,2,1,auditory,2,,,,EXP,1600.0,160.0,,,raro,1.5673104999987115,0,
25979,S59,42,Mujer,izquierda,2,1,auditory,3,,,,VP,1000.0,160.0,,,raro,3.724432799997885,1,
25980,S59,42,Mujer,izquierda,2,1,auditory,4,,,,EXP,1600.0,160.0,,,raro,0.8778487000017776,0,
25981,S59,42,Mujer,izquierda,2,1,auditory,5,,,,EXP,1000.0,100.0,,,frecuente,0.9583935999980896,1,
25982,S59,42,Mujer,izquierda,2,1,auditory,6,,,,VP,1000.0,160.0,,,frecuente,0.7522743000008631,0,
25983,S59,42,Mujer,izquierda,2,1,auditory,7,,,,VP,1600.0,100.0,,,frecuente,0.495968700000958,0,
26864,S60,21,Mujer,derecha,2,0,auditory,0,,,,VP,1600.0,100.0,,,frecuente,3.898537400003988,0,
26865,S60,21,Mujer,derecha,2,0,auditory,1,,,,EXP,1600.0,160.0,,,frecuente,1.5327214999706484,1,
26866,S60,21,Mujer,derecha,2,0,auditory,2,,,,VP,1000.0,160.0,,,raro,2.213759900012519,1,
26867,S60,21,Mujer,derecha,2,0,auditory,3,,,,EXP,1600.0,160.0,,,frecuente,0.8596326999831945,1,
26868,S60,21,Mujer,derecha,2,0,auditory,4,,,,EXP,1000.0,100.0,,,frecuente,0.797612400026992,1,
26869,S60,21,Mujer,derecha,2,0,auditory,5,,,,EXP,1000.0,100.0,,,frecuente,0.4798337999964133,1,
26870,S60,21,Mujer,derecha,2,0,auditory,6,,,,VP,1600.0,100.0,,,raro,0.452203200024087,1,
26871,S60,21,Mujer,derecha,2,0,auditory,7,,,,VP,1000.0,160.0,,,frecuente,0.7843786999583244,0,
26872,S60,21,Mujer,derecha,2,1,visual,0,VP,90.0,45.0,,,,,,raro,2.25380879995646,1,
26873,S60,21,Mujer,derecha,2,1,visual,1,EXP,90.0,135.0,,,,,,frecuente,0.58623409998836,1,
26874,S60,21,Mujer,derecha,2,1,visual,2,VP,90.0,45.0,,,,,,frecuente,1.202233299962245,0,
26875,S60,21,Mujer,derecha,2,1,visual,3,VP,0.0,135.0,,,,,,frecuente,0.818911400041543,0,
26876,S60,21,Mujer,derecha,2,1,visual,4,EXP,90.0,135.0,,,,,,frecuente,0.96853839996038,1,
26877,S60,21,Mujer,derecha,2,1,visual,5,EXP,0.0,45.0,,,,,,frecuente,0.4923852999927476,1,
26878,S60,21,Mujer,derecha,2,1,visual,6,VP,0.0,135.0,,,,,,frecuente,1.3085442000301557,0,
26879,S60,21,Mujer,derecha,2,1,visual,7,EXP,0.0,45.0,,,,,,frecuente,0.7724583999952301,1,
27760,S61,20,Mujer,derecha,2,0,visual,0,VP,90.0,45.0,,,,,,frecuente,1.4663551000412554,0,
27761,S61,20,Mujer,derecha,2,0,visual,1,EXP,90.0,135.0,,,,,,frecuente,0.4490509999450296,1,
27762,S61,20,Mujer,derecha,2,0,visual,2,EXP,0.0,45.0,,,,,,frecuente,0.2124876000452786,1,
27763,S61,20,Mujer,derecha,2,0,visual,3,EXP,90.0,135.0,,,,,,frecuente,0.4011697999667376,1,
27764,S61,20,Mujer,derecha,2,0,visual,4,VP,90.0,45.0,,,,,,frecuente,0.0724601000547409,0,
27765,S61,20,Mujer,derecha,2,0,visual,5,VP,0.0,135.0,,,,,,frecuente,0.4443348001223057,0,
27766,S61,20,Mujer,derecha,2,0,visual,6,EXP,0.0,45.0,,,,,,frecuente,0.1391377998515963,1,
27767,S61,20,Mujer,derecha,2,0,visual,7,VP,0.0,135.0,,,,,,frecuente,0.2739321000408381,0,
27768,S61,20,Mujer,derecha,2,1,auditory,0,,,,EXP,1600.0,160.0,,,frecuente,1.0059932998847216,1,
27769,S61,20,Mujer,derecha,2,1,auditory,1,,,,VP,1000.0,160.0,,,raro,0.8505023000761867,1,
27770,S61,20,Mujer,derecha,2,1,auditory,2,,,,EXP,1000.0,100.0,,,frecuente,0.4270914001390338,1,
27771,S61,20,Mujer,derecha,2,1,auditory,3,,,,VP,1600.0,100.0,,,frecuente,0.6937798000872135,0,
27772,S61,20,Mujer,derecha,2,1,auditory,4,,,,VP,1600.0,100.0,,,frecuente,0.8777602000627667,0,
27773,S61,20,Mujer,derecha,2,1,auditory,5,,,,EXP,1600.0,160.0,,,raro,0.8758604000322521,0,
27774,S61,20,Mujer,derecha,2,1,auditory,6,,,,EXP,1000.0,100.0,,,frecuente,0.1932065999135375,1,
27775,S61,20,Mujer,derecha,2,1,auditory,7,,,,VP,1000.0,160.0,,,frecuente,0.7432884001173079,0,
28656,S62,22,Mujer,derecha,2,0,auditory,0,,,,EXP,1000.0,100.0,,,frecuente,3.621162199997343,1,
28657,S62,22,Mujer,derecha,2,0,auditory,1,,,,EXP,1000.0,100.0,,,frecuente,1.636867499968503,1,
28658,S62,22,Mujer,derecha,2,0,auditory,2,,,,VP,1600.0,100.0,,,raro,1.815662900044117,1,
28659,S62,22,Mujer,derecha,2,0,auditory,3,,,,VP,1000.0,160.0,,,frecuente,1.6451133000082336,0,
28660,S62,22,Mujer,derecha,2,0,auditory,4,,,,VP,1600.0,100.0,,,raro,1.850567699992098,1,
28661,S62,22,Mujer,derecha,2,0,auditory,5,,,,EXP,1600.0,160.0,,,frecuente,0.4460256999591365,1,
28662,S62,22,Mujer,derecha,2,0,auditory,6,,,,VP,1000.0,160.0,,,frecuente,1.910180200007744,0,
28663,S62,22,Mujer,derecha,2,0,auditory,7,,,,EXP,1600.0,160.0,,,frecuente,1.0193456999841146,1,
28664,S62,22,Mujer,derecha,2,1,visual,0,EXP,90.0,45.0,,,,,,frecuente,1.6378059000126086,1,
28665,S62,22,Mujer,derecha,2,1,visual,1,VP,0.0,45.0,,,,,,frecuente,1.1034602000145242,0,
28666,S62,22,Mujer,derecha,2,1,visual,2,EXP,0.0,135.0,,,,,,raro,0.979264100024011,0,
28667,S62,22,Mujer,derecha,2,1,visual,3,EXP,0.0,135.0,,,,,,raro,0.7102522000204772,0,
28668,S62,22,Mujer,derecha,2,1,visual,4,VP,90.0,135.0,,,,,,raro,0.5452044000267051,1,
28669,S62,22,Mujer,derecha,2,1,visual,5,EXP,90.0,45.0,,,,,,raro,0.5863922999706119,0,
28670,S62,22,Mujer,derecha,2,1,visual,6,VP,0.0,45.0,,,,,,frecuente,0.2925427000154741,0,
28671,S62,22,Mujer,derecha,2,1,visual,7,VP,90.0,135.0,,,,,,raro,2.686102600011509,1,
29552,S63,19,Mujer,derecha,2,0,auditory,0,,,,VP,1600.0,160.0,,,frecuente,2.5517708000261337,0,
29553,S63,19,Mujer,derecha,2,0,auditory,1,,,,EXP,1600.0,100.0,,,frecuente,0.8670299999648705,1,
29554,S63,19,Mujer,derecha,2,0,auditory,2,,,,EXP,1000.0,160.0,,,frecuente,0.7851171999936923,1,
29555,S63,19,Mujer,derecha,2,0,auditory,3,,,,VP,1000.0,100.0,,,raro,1.1953656999976374,1,
29556,S63,19,Mujer,derecha,2,0,auditory,4,,,,EXP,1000.0,160.0,,,frecuente,2.452987399999984,1,
29557,S63,19,Mujer,derecha,2,0,auditory,5,,,,VP,1000.0,100.0,,,frecuente,1.5401995000429451,0,
29558,S63,19,Mujer,derecha,2,0,auditory,6,,,,EXP,1600.0,100.0,,,frecuente,0.6007278999895789,1,
29559,S63,19,Mujer,derecha,2,0,auditory,7,,,,VP,1600.0,160.0,,,raro,0.8841683999635279,1,
29560,S63,19,Mujer,derecha,2,1,visual,0,VP,90.0,135.0,,,,,,frecuente,1.3484426999930292,0,
29561,S63,19,Mujer,derecha,2,1,visual,1,VP,0.0,45.0,,,,,,frecuente,0.7247084000264294,0,
29562,S63,19,Mujer,derecha,2,1,visual,2,VP,90.0,135.0,,,,,,frecuente,0.3977430999511853,0,
29563,S63,19,Mujer,derecha,2,1,visual,3,EXP,90.0,45.0,,,,,,frecuente,0.3952238000347279,1,
29564,S63,19,Mujer,derecha,2,1,visual,4,EXP,0.0,135.0,,,,,,raro,2.533083499991335,0,
29565,S63,19,Mujer,derecha,2,1,visual,5,VP,0.0,45.0,,,,,,frecuente,1.4180261999717914,0,
29566,S63,19,Mujer,derecha,2,1,visual,6,EXP,0.0,135.0,,,,,,frecuente,0.4381476000417024,1,
29567,S63,19,Mujer,derecha,2,1,visual,7,EXP,90.0,45.0,,,,,,raro,2.697901899984572,0,
30448,S64,47,Mujer,derecha,2,0,auditory,0,,,,EXP,1600.0,160.0,,,frecuente,7.883572700025979,1,
30449,S64,47,Mujer,derecha,2,0,auditory,1,,,,VP,1600.0,100.0,,,frecuente,1.4406333000515588,0,
30450,S64,47,Mujer,derecha,2,0,auditory,2,,,,VP,1600.0,100.0,,,frecuente,0.7048613000079058,0,
30451,S64,47,Mujer,derecha,2,0,auditory,3,,,,EXP,1000.0,100.0,,,frecuente,0.9912140999804252,1,
30452,S64,47,Mujer,derecha,2,0,auditory,4,,,,EXP,1600.0,160.0,,,frecuente,3.977573300013319,1,
30453,S64,47,Mujer,derecha,2,0,auditory,5,,,,VP,1000.0,160.0,,,frecuente,0.926633800030686,0,
30454,S64,47,Mujer,derecha,2,0,auditory,6,,,,EXP,1000.0,100.0,,,frecuente,5.7882398999645375,1,
30455,S64,47,Mujer,derecha,2,0,auditory,7,,,,VP,1000.0,160.0,,,frecuente,0.811972199997399,0,
30456,S64,47,Mujer,derecha,2,1,visual,0,EXP,90.0,45.0,,,,,,raro,8.665427600033581,0,
30457,S64,47,Mujer,derecha,2,1,visual,1,VP,90.0,135.0,,,,,,frecuente,0.7992095000226982,0,
30458,S64,47,Mujer,derecha,2,1,visual,2,VP,0.0,45.0,,,,,,raro,4.959181099955458,1,
30459,S64,47,Mujer,derecha,2,1,visual,3,EXP,90.0,45.0,,,,,,raro,0.6075931999948807,0,
30460,S64,47,Mujer,derecha,2,1,visual,4,EXP,0.0,135.0,,,,,,frecuente,0.7051222000154667,1,
30461,S64,47,Mujer,derecha,2,1,visual,5,EXP,0.0,135.0,,,,,,frecuente,0.9632781000109388,1,
30462,S64,47,Mujer,derecha,2,1,visual,6,VP,90.0,135.0,,,,,,frecuente,1.1219549999805167,0,
30463,S64,47,Mujer,derecha,2,1,visual,7,VP,0.0,45.0,,,,,,frecuente,4.83375970000634,0,
31344,S65,21,Hombre,derecha,2,0,auditory,0,,,,VP,1600.0,160.0,,,frecuente,1.7022010000655428,0,
31345,S65,21,Hombre,derecha,2,0,auditory,1,,,,EXP,1000.0,160.0,,,raro,4.126067799981684,0,
31346,S65,21,Hombre,derecha,2,0,auditory,2,,,,VP,1000.0,100.0,,,frecuente,1.1159507000120357,0,
31347,S65,21,Hombre,derecha,2,0,auditory,3,,,,EXP,1600.0,100.0,,,frecuente,0.7043671999126673,1,
31348,S65,21,Hombre,derecha,2,0,auditory,4,,,,EXP,1600.0,100.0,,,frecuente,0.4831613999558612,1,
31349,S65,21,Hombre,derecha,2,0,auditory,5,,,,EXP,1000.0,160.0,,,frecuente,0.4934688999783247,1,
31350,S65,21,Hombre,derecha,2,0,auditory,6,,,,VP,1000.0,100.0,,,raro,1.78769609995652,1,
31351,S65,21,Hombre,derecha,2,0,auditory,7,,,,VP,1600.0,160.0,,,frecuente,0.5080747000174597,0,
31352,S65,21,Hombre,derecha,2,1,visual,0,EXP,90.0,135.0,,,,,,frecuente,0.9533098000101744,1,
31353,S65,21,Hombre,derecha,2,1,visual,1,EXP,0.0,45.0,,,,,,raro,0.95428860001266,0,
31354,S65,21,Hombre,derecha,2,1,visual,2,EXP,90.0,135.0,,,,,,frecuente,0.3125408000778407,1,
31355,S65,21,Hombre,derecha,2,1,visual,3,VP,90.0,45.0,,,,,,frecuente,3.116228499915451,0,
31356,S65,21,Hombre,derecha,2,1,visual,4,EXP,0.0,45.0,,,,,,frecuente,2.518408600008115,1,
31357,S65,21,Hombre,derecha,2,1,visual,5,VP,90.0,45.0,,,,,,frecuente,0.2362622999353334,0,
31358,S65,21,Hombre,derecha,2,1,visual,6,VP,0.0,135.0,,,,,,raro,0.342920699971728,1,
31359,S65,21,Hombre,derecha,2,1,visual,7,VP,0.0,135.0,,,,,,raro,0.2420245000394061,1,
32240,S01,19,Mujer,derecha,2,0,auditory,0,,,,EXP,1600.0,100.0,,,frecuente,3.5114332999801263,1,
32241,S01,19,Mujer,derecha,2,0,auditory,1,,,,VP,1600.0,160.0,,,raro,4.054634399944916,1,
32242,S01,19,Mujer,derecha,2,0,auditory,2,,,,VP,1600.0,160.0,,,raro,5.38873240002431,1,
32243,S01,19,Mujer,derecha,2,0,auditory,3,,,,EXP,1000.0,160.0,,,frecuente,0.5180697999894619,1,
32244,S01,19,Mujer,derecha,2,0,auditory,4,,,,EXP,1600.0,100.0,,,frecuente,3.2436448000371456,1,
32245,S01,19,Mujer,derecha,2,0,auditory,5,,,,VP,1000.0,100.0,,,frecuente,0.4970390000380575,0,
32246,S01,19,Mujer,derecha,2,0,auditory,6,,,,EXP,1000.0,160.0,,,frecuente,0.5827222999650985,1,
32247,S01,19,Mujer,derecha,2,0,auditory,7,,,,VP,1000.0,100.0,,,frecuente,0.5009813000215217,0,
32248,S01,19,Mujer,derecha,2,1,visual,0,EXP,0.0,135.0,,,,,,raro,4.30656210007146,0,
32249,S01,19,Mujer,derecha,2,1,visual,1,VP,0.0,45.0,,,,,,frecuente,2.388127399957739,0,
32250,S01,19,Mujer,derecha,2,1,visual,2,EXP,0.0,135.0,,,,,,frecuente,2.877407100051641,1,
32251,S01,19,Mujer,derecha,2,1,visual,3,VP,90.0,135.0,,,,,,frecuente,1.0562879999633878,0,
32252,S01,19,Mujer,derecha,2,1,visual,4,EXP,90.0,45.0,,,,,,frecuente,0.5861434999387711,1,
32253,S01,19,Mujer,derecha,2,1,visual,5,EXP,90.0,45.0,,,,,,frecuente,0.347189599997364,1,
32254,S01,19,Mujer,derecha,2,1,visual,6,VP,0.0,45.0,,,,,,frecuente,1.0597554999403656,0,
32255,S01,19,Mujer,derecha,2,1,visual,7,VP,90.0,135.0,,,,,,frecuente,1.4332433000672609,0,
33136,S02,18,Mujer,derecha,2,0,auditory,0,,,,VP,1600.0,100.0,,,frecuente,5.474449699977413,0,
33137,S02,18,Mujer,derecha,2,0,auditory,1,,,,VP,1600.0,100.0,,,raro,0.4208074000198394,1,
33138,S02,18,Mujer,derecha,2,0,auditory,2,,,,VP,1000.0,160.0,,,frecuente,0.2746945999097079,0,
33139,S02,18,Mujer,derecha,2,0,auditory,3,,,,EXP,1600.0,160.0,,,frecuente,1.422734200023115,1,
33140,S02,18,Mujer,derecha,2,0,auditory,4,,,,EXP,1000.0,100.0,,,raro,0.3506024000234902,0,
33141,S02,18,Mujer,derecha,2,0,auditory,5,,,,EXP,1000.0,100.0,,,frecuente,1.5459894998930397,1,
33142,S02,18,Mujer,derecha,2,0,auditory,6,,,,EXP,1600.0,160.0,,,raro,0.3720390000380575,0,
33143,S02,18,Mujer,derecha,2,0,auditory,7,,,,VP,1000.0,160.0,,,raro,0.5060314999427646,1,
33144,S02,18,Mujer,derecha,2,1,visual,0,EXP,90.0,45.0,,,,,,frecuente,0.8329560998827219,1,
33145,S02,18,Mujer,derecha,2,1,visual,1,EXP,0.0,135.0,,,,,,frecuente,1.1650133999064565,1,
33146,S02,18,Mujer,derecha,2,1,visual,2,VP,90.0,135.0,,,,,,raro,0.2396460000891238,1,
33147,S02,18,Mujer,derecha,2,1,visual,3,VP,90.0,135.0,,,,,,frecuente,1.9250679002143445,0,
33148,S02,18,Mujer,derecha,2,1,visual,4,EXP,0.0,135.0,,,,,,raro,0.8043506999965757,0,
33149,S02,18,Mujer,derecha,2,1,visual,5,EXP,90.0,45.0,,,,,,frecuente,0.3137308999430388,1,
33150,S02,18,Mujer,derecha,2,1,visual,6,VP,0.0,45.0,,,,,,frecuente,0.3897816000971943,0,
33151,S02,18,Mujer,derecha,2,1,visual,7,VP,0.0,45.0,,,,,,frecuente,0.3764200999867171,0,
34032,S03,21,Mujer,derecha,2,0,auditory,0,,,,EXP,1600.0,100.0,,,frecuente,1.7824184999999488,1,
34033,S03,21,Mujer,derecha,2,0,auditory,1,,,,EXP,1000.0,160.0,,,frecuente,0.7671774999998888,1,
34034,S03,21,Mujer,derecha,2,0,auditory,2,,,,EXP,1600.0,100.0,,,frecuente,0.4392475000004197,1,
34035,S03,21,Mujer,derecha,2,0,auditory,3,,,,VP,1600.0,160.0,,,raro,1.11673299999984,1,
34036,S03,21,Mujer,derecha,2,0,auditory,4,,,,EXP,1000.0,160.0,,,raro,0.4445012999995015,0,
34037,S03,21,Mujer,derecha,2,0,auditory,5,,,,VP,1000.0,100.0,,,frecuente,0.3539696999996522,0,
34038,S03,21,Mujer,derecha,2,0,auditory,6,,,,VP,1000.0,100.0,,,frecuente,0.0402440000007118,0,
34039,S03,21,Mujer,derecha,2,0,auditory,7,,,,VP,1600.0,160.0,,,raro,1.0062189999998736,1,
34040,S03,21,Mujer,derecha,2,1,visual,0,EXP,90.0,135.0,,,,,,frecuente,1.5695271999993563,1,
34041,S03,21,Mujer,derecha,2,1,visual,1,VP,0.0,135.0,,,,,,frecuente,0.3101082000002861,0,
34042,S03,21,Mujer,derecha,2,1,visual,2,VP,90.0,45.0,,,,,,raro,0.95685979999962,1,
34043,S03,21,Mujer,derecha,2,1,visual,3,EXP,0.0,45.0,,,,,,raro,0.5649949999997261,0,
34044,S03,21,Mujer,derecha,2,1,visual,4,EXP,0.0,45.0,,,,,,raro,0.2084493000002112,0,
34045,S03,21,Mujer,derecha,2,1,visual,5,EXP,90.0,135.0,,,,,,frecuente,0.0150589000004401,1,
34046,S03,21,Mujer,derecha,2,1,visual,6,VP,90.0,45.0,,,,,,raro,0.4051941999996415,1,
34047,S03,21,Mujer,derecha,2,1,visual,7,VP,0.0,135.0,,,,,,frecuente,0.0395867999995971,0,
34928,S04,18,Mujer,derecha,2,0,visual,0,VP,0.0,45.0,,,,,,frecuente,2.0637006000615656,0,
34929,S04,18,Mujer,derecha,2,0,visual,1,EXP,90.0,45.0,,,,,,frecuente,0.5181719999527559,1,
34930,S04,18,Mujer,derecha,2,0,visual,2,VP,90.0,135.0,,,,,,frecuente,0.2984721000539139,0,
34931,S04,18,Mujer,derecha,2,0,visual,3,EXP,0.0,135.0,,,,,,frecuente,0.3221832999261096,1,
34932,S04,18,Mujer,derecha,2,0,visual,4,EXP,0.0,135.0,,,,,,frecuente,0.2214192000683397,1,
34933,S04,18,Mujer,derecha,2,0,visual,5,VP,0.0,45.0,,,,,,frecuente,0.1511658999370411,0,
34934,S04,18,Mujer,derecha,2,0,visual,6,VP,90.0,135.0,,,,,,raro,2.374314099899493,1,
34935,S04,18,Mujer,derecha,2,0,visual,7,EXP,90.0,45.0,,,,,,frecuente,0.5974073000252247,1,
34936,S04,18,Mujer,derecha,2,1,auditory,0,,,,VP,1600.0,160.0,,,raro,1.179729099967517,1,
34937,S04,18,Mujer,derecha,2,1,auditory,1,,,,EXP,1000.0,160.0,,,frecuente,0.694499299977906,1,
34938,S04,18,Mujer,derecha,2,1,auditory,2,,,,EXP,1600.0,100.0,,,frecuente,0.5670143000315875,1,
34939,S04,18,Mujer,derecha,2,1,auditory,3,,,,VP,1600.0,160.0,,,raro,3.2325961000751704,1,
34940,S04,18,Mujer,derecha,2,1,auditory,4,,,,EXP,1000.0,160.0,,,frecuente,0.3065188999753445,1,
34941,S04,18,Mujer,derecha,2,1,auditory,5,,,,EXP,1600.0,100.0,,,frecuente,0.2487942000152543,1,
34942,S04,18,Mujer,derecha,2,1,auditory,6,,,,VP,1000.0,100.0,,,frecuente,0.319091200013645,0,
34943,S04,18,Mujer,derecha,2,1,auditory,7,,,,VP,1000.0,100.0,,,frecuente,0.3495198000455275,0,
35824,S05,21,Mujer,derecha,2,0,auditory,0,,,,VP,1600.0,160.0,,,raro,6.122863300028257,1,
35825,S05,21,Mujer,derecha,2,0,auditory,1,,,,VP,1000.0,100.0,,,frecuente,1.2494684999692254,0,
35826,S05,21,Mujer,derecha,2,0,auditory,2,,,,EXP,1600.0,100.0,,,frecuente,0.3978032000013627,1,
35827,S05,21,Mujer,derecha,2,0,auditory,3,,,,EXP,1600.0,100.0,,,frecuente,0.4183728999923914,1,
35828,S05,21,Mujer,derecha,2,0,auditory,4,,,,EXP,1000.0,160.0,,,raro,2.5857547999476083,0,
35829,S05,21,Mujer,derecha,2,0,auditory,5,,,,VP,1600.0,160.0,,,raro,1.9287481000064872,1,
35830,S05,21,Mujer,derecha,2,0,auditory,6,,,,EXP,1000.0,160.0,,,raro,0.8921667999820784,0,
35831,S05,21,Mujer,derecha,2,0,auditory,7,,,,VP,1000.0,100.0,,,frecuente,2.2048752999980934,0,
35832,S05,21,Mujer,derecha,2,1,visual,0,EXP,0.0,135.0,,,,,,frecuente,4.967102400027216,1,
35833,S05,21,Mujer,derecha,2,1,visual,1,VP,90.0,135.0,,,,,,raro,2.120776700030546,1,
35834,S05,21,Mujer,derecha,2,1,visual,2,VP,0.0,45.0,,,,,,raro,2.0817753999726847,1,
35835,S05,21,Mujer,derecha,2,1,visual,3,VP,90.0,135.0,,,,,,frecuente,0.7837189999991097,0,
35836,S05,21,Mujer,derecha,2,1,visual,4,EXP,0.0,135.0,,,,,,frecuente,0.9549474000232294,1,
35837,S05,21,Mujer,derecha,2,1,visual,5,EXP,90.0,45.0,,,,,,raro,0.6664187000133097,0,
35838,S05,21,Mujer,derecha,2,1,visual,6,VP,0.0,45.0,,,,,,raro,0.5591173999710009,1,
35839,S05,21,Mujer,derecha,2,1,visual,7,EXP,90.0,45.0,,,,,,raro,0.6700787000008859,0,
36720,S06,18,Mujer,derecha,2,0,auditory,0,,,,EXP,1600.0,160.0,,,frecuente,2.651828499991097,1,
36721,S06,18,Mujer,derecha,2,0,auditory,1,,,,EXP,1600.0,160.0,,,frecuente,1.0950523000065004,1,
36722,S06,18,Mujer,derecha,2,0,auditory,2,,,,EXP,1000.0,100.0,,,frecuente,0.4836079999950016,1,
36723,S06,18,Mujer,derecha,2,0,auditory,3,,,,EXP,1000.0,100.0,,,frecuente,0.2992579999990994,1,
36724,S06,18,Mujer,derecha,2,0,auditory,4,,,,VP,1000.0,160.0,,,raro,2.955136599994148,1,
36725,S06,18,Mujer,derecha,2,0,auditory,5,,,,VP,1600.0,100.0,,,frecuente,1.2936642999993635,0,
36726,S06,18,Mujer,derecha,2,0,auditory,6,,,,VP,1000.0,160.0,,,frecuente,1.1536498999921605,0,
36727,S06,18,Mujer,derecha,2,0,auditory,7,,,,VP,1600.0,100.0,,,frecuente,1.1606063999934122,0,
36728,S06,18,Mujer,derecha,2,1,visual,0,EXP,0.0,45.0,,,,,,frecuente,1.7942221000121208,1,
36729,S06,18,Mujer,derecha,2,1,visual,1,VP,90.0,45.0,,,,,,raro,0.5989512000087416,1,
36730,S06,18,Mujer,derecha,2,1,visual,2,VP,0.0,135.0,,,,,,frecuente,0.3655504000053042,0,
36731,S06,18,Mujer,derecha,2,1,visual,3,EXP,90.0,135.0,,,,,,raro,0.8193809999938821,0,
36732,S06,18,Mujer,derecha,2,1,visual,4,EXP,90.0,135.0,,,,,,raro,1.1183258999953978,0,
36733,S06,18,Mujer,derecha,2,1,visual,5,VP,0.0,135.0,,,,,,frecuente,0.7335395999980392,0,
36734,S06,18,Mujer,derecha,2,1,visual,6,VP,90.0,45.0,,,,,,frecuente,0.387169299996458,0,
36735,S06,18,Mujer,derecha,2,1,visual,7,EXP,0.0,45.0,,,,,,raro,0.5237918000057107,0,
37616,S07,23,Hombre,derecha,2,0,visual,0,EXP,0.0,135.0,,,,,,frecuente,1.2803743000258692,1,
37617,S07,23,Hombre,derecha,2,0,visual,1,VP,0.0,45.0,,,,,,frecuente,0.8212657999829389,0,
37618,S07,23,Hombre,derecha,2,0,visual,2,VP,0.0,45.0,,,,,,frecuente,0.6567017000052147,0,
37619,S07,23,Hombre,derecha,2,0,visual,3,EXP,0.0,135.0,,,,,,frecuente,0.4097049999982118,1,
37620,S07,23,Hombre,derecha,2,0,visual,4,VP,90.0,135.0,,,,,,raro,0.7598743999842554,1,
37621,S07,23,Hombre,derecha,2,0,visual,5,EXP,90.0,45.0,,,,,,frecuente,0.62917590001598,1,
37622,S07,23,Hombre,derecha,2,0,visual,6,EXP,90.0,45.0,,,,,,frecuente,0.2478985000052489,1,
37623,S07,23,Hombre,derecha,2,0,visual,7,VP,90.0,135.0,,,,,,frecuente,0.8263590999995358,0,
37624,S07,23,Hombre,derecha,2,1,auditory,0,,,,EXP,1600.0,100.0,,,frecuente,1.495137799996883,1,
37625,S07,23,Hombre,derecha,2,1,auditory,1,,,,VP,1000.0,100.0,,,frecuente,0.6466387999826111,0,
37626,S07,23,Hombre,derecha,2,1,auditory,2,,,,VP,1600.0,160.0,,,raro,1.5703043999965305,1,
37627,S07,23,Hombre,derecha,2,1,auditory,3,,,,EXP,1000.0,160.0,,,frecuente,0.829040199983865,1,
37628,S07,23,Hombre,derecha,2,1,auditory,4,,,,EXP,1000.0,160.0,,,frecuente,0.7008834999869578,1,
37629,S07,23,Hombre,derecha,2,1,auditory,5,,,,VP,1000.0,100.0,,,frecuente,0.3619658999959938,0,
37630,S07,23,Hombre,derecha,2,1,auditory,6,,,,EXP,1600.0,100.0,,,frecuente,0.3295494999620132,1,
37631,S07,23,Hombre,derecha,2,1,auditory,7,,,,VP,1600.0,160.0,,,raro,0.4377926999586634,1,
38512,S08,25,Mujer,derecha,2,0,visual,0,VP,0.0,45.0,,,,,,frecuente,2.5894842999987304,0,
38513,S08,25,Mujer,derecha,2,0,visual,1,EXP,90.0,45.0,,,,,,frecuente,0.6297848999965936,1,
38514,S08,25,Mujer,derecha,2,0,visual,2,EXP,0.0,135.0,,,,,,frecuente,0.4509676001034677,1,
38515,S08,25,Mujer,derecha,2,0,visual,3,VP,90.0,135.0,,,,,,frecuente,0.8753027999773622,0,
38516,S08,25,Mujer,derecha,2,0,visual,4,VP,0.0,45.0,,,,,,raro,0.897885600104928,1,
38517,S08,25,Mujer,derecha,2,0,visual,5,EXP,90.0,45.0,,,,,,raro,2.0582862000446767,0,
38518,S08,25,Mujer,derecha,2,0,visual,6,VP,90.0,135.0,,,,,,raro,0.4999440000392496,1,
38519,S08,25,Mujer,derecha,2,0,visual,7,EXP,0.0,135.0,,,,,,raro,0.6493420999031514,0,
38520,S08,25,Mujer,derecha,2,1,auditory,0,,,,VP,1600.0,100.0,,,raro,3.3446402000263333,1,
38521,S08,25,Mujer,derecha,2,1,auditory,1,,,,EXP,1000.0,100.0,,,frecuente,1.0696005001664162,1,
38522,S08,25,Mujer,derecha,2,1,auditory,2,,,,VP,1600.0,100.0,,,frecuente,0.4829535998869687,0,
38523,S08,25,Mujer,derecha,2,1,auditory,3,,,,VP,1000.0,160.0,,,frecuente,0.4539874999318272,0,
38524,S08,25,Mujer,derecha,2,1,auditory,4,,,,VP,1000.0,160.0,,,frecuente,0.4115895999129861,0,
38525,S08,25,Mujer,derecha,2,1,auditory,5,,,,EXP,1000.0,100.0,,,frecuente,0.5439712000079453,1,
38526,S08,25,Mujer,derecha,2,1,auditory,6,,,,EXP,1600.0,160.0,,,frecuente,1.0229739998467269,1,
38527,S08,25,Mujer,derecha,2,1,auditory,7,,,,EXP,1600.0,160.0,,,frecuente,0.2686250999104231,1,
39408,S09,19,Mujer,derecha,2,0,auditory,0,,,,EXP,1600.0,160.0,,,frecuente,3.004605800000718,1,
39409,S09,19,Mujer,derecha,2,0,auditory,1,,,,VP,1000.0,160.0,,,frecuente,1.5359705999981088,0,
39410,S09,19,Mujer,derecha,2,0,auditory,2,,,,VP,1000.0,160.0,,,frecuente,0.599460999997973,0,
39411,S09,19,Mujer,derecha,2,0,auditory,3,,,,EXP,1000.0,100.0,,,raro,4.026772200002597,0,
39412,S09,19,Mujer,derecha,2,0,auditory,4,,,,VP,1600.0,100.0,,,raro,1.0861207999987528,1,
39413,S09,19,Mujer,derecha,2,0,auditory,5,,,,VP,1600.0,100.0,,,raro,2.011533799999597,1,
39414,S09,19,Mujer,derecha,2,0,auditory,6,,,,EXP,1600.0,160.0,,,frecuente,0.3717972000013105,1,
39415,S09,19,Mujer,derecha,2,0,auditory,7,,,,EXP,1000.0,100.0,,,frecuente,1.1842526000000362,1,
39416,S09,19,Mujer,derecha,2,1,visual,0,EXP,90.0,45.0,,,,,,frecuente,2.9899297000010847,1,
39417,S09,19,Mujer,derecha,2,1,visual,1,VP,0.0,45.0,,,,,,frecuente,0.5460052999987965,0,
39418,S09,19,Mujer,derecha,2,1,visual,2,EXP,90.0,45.0,,,,,,frecuente,0.2900059999992663,1,
39419,S09,19,Mujer,derecha,2,1,visual,3,VP,90.0,135.0,,,,,,frecuente,0.2934323999979824,0,
39420,S09,19,Mujer,derecha,2,1,visual,4,VP,90.0,135.0,,,,,,frecuente,0.1461011999999755,0,
39421,S09,19,Mujer,derecha,2,1,visual,5,VP,0.0,45.0,,,,,,frecuente,0.1049052000016672,0,
39422,S09,19,Mujer,derecha,2,1,visual,6,EXP,0.0,135.0,,,,,,frecuente,0.1347596999985398,1,
39423,S09,19,Mujer,derecha,2,1,visual,7,EXP,0.0,135.0,,,,,,frecuente,0.110234899999341,1,
40304,S10,19,Hombre,derecha,2,0,auditory,0,,,,VP,1000.0,160.0,,,raro,1.5467190999988816,1,
40305,S10,19,Hombre,derecha,2,0,auditory,1,,,,EXP,1600.0,160.0,,,frecuente,4.380992399999741,1,
40306,S10,19,Hombre,derecha,2,0,auditory,2,,,,VP,1600.0,100.0,,,frecuente,0.9433028000003104,0,
40307,S10,19,Hombre,derecha,2,0,auditory,3,,,,VP,1600.0,100.0,,,frecuente,1.1029165999989343,0,
40308,S10,19,Hombre,derecha,2,0,auditory,4,,,,EXP,1000.0,100.0,,,raro,0.4166179000003467,0,
40309,S10,19,Hombre,derecha,2,0,auditory,5,,,,VP,1000.0,160.0,,,raro,0.5704047999988688,1,
40310,S10,19,Hombre,derecha,2,0,auditory,6,,,,EXP,1000.0,100.0,,,frecuente,0.5103073000009317,1,
40311,S10,19,Hombre,derecha,2,0,auditory,7,,,,EXP,1600.0,160.0,,,raro,0.4869431000006443,0,
40312,S10,19,Hombre,derecha,2,1,visual,0,EXP,0.0,135.0,,,,,,raro,2.169101399998908,0,
40313,S10,19,Hombre,derecha,2,1,visual,1,VP,90.0,135.0,,,,,,frecuente,0.905106700000033,0,
40314,S10,19,Hombre,derecha,2,1,visual,2,VP,90.0,135.0,,,,,,frecuente,0.253668800000014,0,
40315,S10,19,Hombre,derecha,2,1,visual,3,EXP,0.0,135.0,,,,,,frecuente,0.2398225999986607,1,
40316,S10,19,Hombre,derecha,2,1,visual,4,VP,0.0,45.0,,,,,,frecuente,0.3398121000009269,0,
40317,S10,19,Hombre,derecha,2,1,visual,5,VP,0.0,45.0,,,,,,frecuente,0.204560300000594,0,
40318,S10,19,Hombre,derecha,2,1,visual,6,EXP,90.0,45.0,,,,,,frecuente,0.3130524999996851,1,
40319,S10,19,Hombre,derecha,2,1,visual,7,EXP,90.0,45.0,,,,,,frecuente,0.2801853999990271,1,
41200,S12,24,Mujer,izquierda,2,0,visual,0,VP,0.0,45.0,,,,,,frecuente,4.058445200000278,0,
41201,S12,24,Mujer,izquierda,2,0,visual,1,VP,90.0,135.0,,,,,,frecuente,0.8880436999997983,0,
41202,S12,24,Mujer,izquierda,2,0,visual,2,EXP,0.0,135.0,,,,,,frecuente,1.0093641999992542,1,
41203,S12,24,Mujer,izquierda,2,0,visual,3,VP,0.0,45.0,,,,,,frecuente,0.7781973000001017,0,
41204,S12,24,Mujer,izquierda,2,0,visual,4,EXP,90.0,45.0,,,,,,raro,0.6737750000002052,0,
41205,S12,24,Mujer,izquierda,2,0,visual,5,VP,90.0,135.0,,,,,,raro,1.2432901000001948,1,
41206,S12,24,Mujer,izquierda,2,0,visual,6,EXP,90.0,45.0,,,,,,frecuente,0.2703592999996544,1,
41207,S12,24,Mujer,izquierda,2,0,visual,7,EXP,0.0,135.0,,,,,,frecuente,0.6503837000000203,1,
41208,S12,24,Mujer,izquierda,2,1,auditory,0,,,,VP,1000.0,100.0,,,frecuente,1.1004554999999527,0,
41209,S12,24,Mujer,izquierda,2,1,auditory,1,,,,EXP,1000.0,160.0,,,frecuente,0.59812090000014,1,
41210,S12,24,Mujer,izquierda,2,1,auditory,2,,,,VP,1600.0,160.0,,,frecuente,0.8571806999998444,0,
41211,S12,24,Mujer,izquierda,2,1,auditory,3,,,,EXP,1000.0,160.0,,,frecuente,0.5818295999997645,1,
41212,S12,24,Mujer,izquierda,2,1,auditory,4,,,,EXP,1600.0,100.0,,,raro,1.1530716000006578,0,
41213,S12,24,Mujer,izquierda,2,1,auditory,5,,,,EXP,1600.0,100.0,,,raro,0.4653369000006933,0,
41214,S12,24,Mujer,izquierda,2,1,auditory,6,,,,VP,1600.0,160.0,,,frecuente,0.40930759999992,0,
41215,S12,24,Mujer,izquierda,2,1,auditory,7,,,,VP,1000.0,100.0,,,frecuente,0.3983981999999741,0,
42096,S13,24,Mujer,derecha,2,0,visual,0,EXP,0.0,135.0,,,,,,frecuente,5.322873700002674,1,
42097,S13,24,Mujer,derecha,2,0,visual,1,VP,0.0,45.0,,,,,,raro,1.7541529000154696,1,
42098,S13,24,Mujer,derecha,2,0,visual,2,VP,90.0,135.0,,,,,,raro,6.48266620002687,1,
42099,S13,24,Mujer,derecha,2,0,visual,3,VP,0.0,45.0,,,,,,frecuente,0.6362408999702893,0,
42100,S13,24,Mujer,derecha,2,0,visual,4,EXP,90.0,45.0,,,,,,frecuente,1.4240891000372358,1,
42101,S13,24,Mujer,derecha,2,0,visual,5,EXP,0.0,135.0,,,,,,frecuente,0.8387640000437386,1,
42102,S13,24,Mujer,derecha,2,0,visual,6,VP,90.0,135.0,,,,,,raro,0.2700868000392802,1,
42103,S13,24,Mujer,derecha,2,0,visual,7,EXP,90.0,45.0,,,,,,frecuente,1.4191341000259854,1,
42104,S13,24,Mujer,derecha,2,1,auditory,0,,,,EXP,1600.0,100.0,,,frecuente,1.1513756000204012,1,
42105,S13,24,Mujer,derecha,2,1,auditory,1,,,,EXP,1600.0,100.0,,,frecuente,0.7914446999784559,1,
42106,S13,24,Mujer,derecha,2,1,auditory,2,,,,EXP,1000.0,160.0,,,frecuente,0.6907132000196725,1,
42107,S13,24,Mujer,derecha,2,1,auditory,3,,,,VP,1600.0,160.0,,,frecuente,1.32764270005282,0,
42108,S13,24,Mujer,derecha,2,1,auditory,4,,,,VP,1000.0,100.0,,,frecuente,0.6232046000077389,0,
42109,S13,24,Mujer,derecha,2,1,auditory,5,,,,EXP,1000.0,160.0,,,frecuente,1.8752674999996088,1,
42110,S13,24,Mujer,derecha,2,1,auditory,6,,,,VP,1600.0,160.0,,,raro,0.5400826999684796,1,
42111,S13,24,Mujer,derecha,2,1,auditory,7,,,,VP,1000.0,100.0,,,frecuente,0.4222176999901421,0,
42992,S14,20,Hombre,derecha,2,0,visual,0,VP,0.0,45.0,,,,,,frecuente,3.8024271999602206,0,
42993,S14,20,Hombre,derecha,2,0,visual,1,EXP,90.0,45.0,,,,,,raro,1.6504208999685943,0,
42994,S14,20,Hombre,derecha,2,0,visual,2,EXP,90.0,45.0,,,,,,raro,3.557086999993772,0,
42995,S14,20,Hombre,derecha,2,0,visual,3,VP,0.0,45.0,,,,,,frecuente,0.5925223000231199,0,
42996,S14,20,Hombre,derecha,2,0,visual,4,VP,90.0,135.0,,,,,,raro,0.5532304999651387,1,
42997,S14,20,Hombre,derecha,2,0,visual,5,EXP,0.0,135.0,,,,,,raro,0.9672676000045612,0,
42998,S14,20,Hombre,derecha,2,0,visual,6,EXP,0.0,135.0,,,,,,raro,0.4759626999730244,0,
42999,S14,20,Hombre,derecha,2,0,visual,7,VP,90.0,135.0,,,,,,raro,6.902661999978591,1,
43000,S14,20,Hombre,derecha,2,1,auditory,0,,,,VP,1000.0,100.0,,,frecuente,1.4738836999749765,0,
43001,S14,20,Hombre,derecha,2,1,auditory,1,,,,EXP,1000.0,160.0,,,frecuente,1.0085605999920515,1,
43002,S14,20,Hombre,derecha,2,1,auditory,2,,,,VP,1600.0,160.0,,,frecuente,0.637893500039354,0,
43003,S14,20,Hombre,derecha,2,1,auditory,3,,,,VP,1600.0,160.0,,,frecuente,0.651262300030794,0,
43004,S14,20,Hombre,derecha,2,1,auditory,4,,,,EXP,1000.0,160.0,,,frecuente,0.7400184999569319,1,
43005,S14,20,Hombre,derecha,2,1,auditory,5,,,,EXP,1600.0,100.0,,,frecuente,0.6373101000208408,1,
43006,S14,20,Hombre,derecha,2,1,auditory,6,,,,VP,1000.0,100.0,,,frecuente,2.227379199990537,0,
43007,S14,20,Hombre,derecha,2,1,auditory,7,,,,EXP,1600.0,100.0,,,frecuente,1.846706099982839,1,
43888,S15,19,Mujer,derecha,2,0,auditory,0,,,,EXP,1000.0,160.0,,,frecuente,5.375872300006449,1,
43889,S15,19,Mujer,derecha,2,0,auditory,1,,,,EXP,1600.0,100.0,,,frecuente,1.4465070001315323,1,
43890,S15,19,Mujer,derecha,2,0,auditory,2,,,,VP,1600.0,160.0,,,frecuente,0.4600128999445587,0,
43891,S15,19,Mujer,derecha,2,0,auditory,3,,,,EXP,1600.0,100.0,,,frecuente,0.3021052998956293,1,
43892,S15,19,Mujer,derecha,2,0,auditory,4,,,,VP,1000.0,100.0,,,frecuente,0.2652614000253379,0,
43893,S15,19,Mujer,derecha,2,0,auditory,5,,,,VP,1000.0,100.0,,,frecuente,0.2899373001419008,0,
43894,S15,19,Mujer,derecha,2,0,auditory,6,,,,VP,1600.0,160.0,,,frecuente,0.3200095000211149,0,
43895,S15,19,Mujer,derecha,2,0,auditory,7,,,,EXP,1000.0,160.0,,,frecuente,0.2867308999411762,1,
43896,S15,19,Mujer,derecha,2,1,visual,0,EXP,0.0,45.0,,,,,,frecuente,1.5375971999019384,1,
43897,S15,19,Mujer,derecha,2,1,visual,1,EXP,90.0,135.0,,,,,,frecuente,0.3430357000324875,1,
43898,S15,19,Mujer,derecha,2,1,visual,2,VP,0.0,135.0,,,,,,frecuente,0.2023732999805361,0,
43899,S15,19,Mujer,derecha,2,1,visual,3,VP,0.0,135.0,,,,,,frecuente,1.0817121998406949,0,
43900,S15,19,Mujer,derecha,2,1,visual,4,EXP,90.0,135.0,,,,,,frecuente,0.0904062001500278,1,
43901,S15,19,Mujer,derecha,2,1,visual,5,EXP,0.0,45.0,,,,,,frecuente,1.8657145001925528,1,
43902,S15,19,Mujer,derecha,2,1,visual,6,VP,90.0,45.0,,,,,,frecuente,0.14586569997482,0,
43903,S15,19,Mujer,derecha,2,1,visual,7,VP,90.0,45.0,,,,,,frecuente,0.3844775999896228,0,
44784,S16,20,Mujer,derecha,2,0,visual,0,EXP,0.0,135.0,,,,,,frecuente,3.316819499945268,1,
44785,S16,20,Mujer,derecha,2,0,visual,1,VP,0.0,45.0,,,,,,frecuente,0.6618740998674184,0,
44786,S16,20,Mujer,derecha,2,0,visual,2,VP,90.0,135.0,,,,,,raro,0.9564209999516606,1,
44787,S16,20,Mujer,derecha,2,0,visual,3,VP,90.0,135.0,,,,,,raro,0.6491805999539793,1,
44788,S16,20,Mujer,derecha,2,0,visual,4,EXP,90.0,45.0,,,,,,frecuente,0.6222836999222636,1,
44789,S16,20,Mujer,derecha,2,0,visual,5,EXP,0.0,135.0,,,,,,frecuente,0.5782928999979049,1,
44790,S16,20,Mujer,derecha,2,0,visual,6,VP,0.0,45.0,,,,,,raro,0.6558610999491066,1,
44791,S16,20,Mujer,derecha,2,0,visual,7,EXP,90.0,45.0,,,,,,raro,1.3208129000850022,0,
44792,S16,20,Mujer,derecha,2,1,auditory,0,,,,EXP,1000.0,100.0,,,raro,2.607763699954376,0,
44793,S16,20,Mujer,derecha,2,1,auditory,1,,,,EXP,1000.0,100.0,,,frecuente,0.5888986999634653,1,
44794,S16,20,Mujer,derecha,2,1,auditory,2,,,,VP,1000.0,160.0,,,frecuente,0.9800833000335842,0,
44795,S16,20,Mujer,derecha,2,1,auditory,3,,,,EXP,1600.0,160.0,,,frecuente,0.5961645001079887,1,
44796,S16,20,Mujer,derecha,2,1,auditory,4,,,,VP,1600.0,100.0,,,raro,0.4555156999267638,1,
44797,S16,20,Mujer,derecha,2,1,auditory,5,,,,EXP,1600.0,160.0,,,frecuente,0.9482065001502632,1,
44798,S16,20,Mujer,derecha,2,1,auditory,6,,,,VP,1600.0,100.0,,,frecuente,0.50309450016357,0,
44799,S16,20,Mujer,derecha,2,1,auditory,7,,,,VP,1000.0,160.0,,,raro,2.400156000163406,1,
45680,S17,19,Mujer,derecha,2,0,auditory,0,,,,VP,1600.0,160.0,,,frecuente,2.083678300026804,0,
45681,S17,19,Mujer,derecha,2,0,auditory,1,,,,EXP,1000.0,160.0,,,raro,0.3669114999938756,0,
45682,S17,19,Mujer,derecha,2,0,auditory,2,,,,EXP,1000.0,160.0,,,raro,1.322701099968981,0,
45683,S17,19,Mujer,derecha,2,0,auditory,3,,,,EXP,1600.0,100.0,,,frecuente,0.3095699000405147,1,
45684,S17,19,Mujer,derecha,2,0,auditory,4,,,,EXP,1600.0,100.0,,,frecuente,0.1502815999556332,1,
45685,S17,19,Mujer,derecha,2,0,auditory,5,,,,VP,1000.0,100.0,,,frecuente,2.041744399990421,0,
45686,S17,19,Mujer,derecha,2,0,auditory,6,,,,VP,1000.0,100.0,,,frecuente,0.2359738000086508,0,
45687,S17,19,Mujer,derecha,2,0,auditory,7,,,,VP,1600.0,160.0,,,frecuente,0.7878509999718517,0,
45688,S17,19,Mujer,derecha,2,1,visual,0,VP,90.0,45.0,,,,,,raro,2.582710799993947,1,
45689,S17,19,Mujer,derecha,2,1,visual,1,VP,0.0,135.0,,,,,,frecuente,0.3303668999578804,0,
45690,S17,19,Mujer,derecha,2,1,visual,2,EXP,0.0,45.0,,,,,,frecuente,1.042442099947948,1,
45691,S17,19,Mujer,derecha,2,1,visual,3,EXP,90.0,135.0,,,,,,frecuente,0.4588598000118509,1,
45692,S17,19,Mujer,derecha,2,1,visual,4,VP,90.0,45.0,,,,,,raro,1.0312675000168383,1,
45693,S17,19,Mujer,derecha,2,1,visual,5,EXP,0.0,45.0,,,,,,raro,1.3494104000274092,0,
45694,S17,19,Mujer,derecha,2,1,visual,6,VP,0.0,135.0,,,,,,frecuente,1.5463598999776875,0,
45695,S17,19,Mujer,derecha,2,1,visual,7,EXP,90.0,135.0,,,,,,frecuente,0.3246771999984048,1,
46576,S18,24,Hombre,derecha,2,0,auditory,0,,,,VP,1600.0,100.0,,,raro,3.9532341999984055,1,
46577,S18,24,Hombre,derecha,2,0,auditory,1,,,,VP,1000.0,160.0,,,frecuente,0.5128796999997576,0,
46578,S18,24,Hombre,derecha,2,0,auditory,2,,,,EXP,1000.0,100.0,,,frecuente,0.3994917999989411,1,
46579,S18,24,Hombre,derecha,2,0,auditory,3,,,,EXP,1000.0,100.0,,,frecuente,0.2505387999990489,1,
46580,S18,24,Hombre,derecha,2,0,auditory,4,,,,VP,1600.0,100.0,,,frecuente,0.4474608999989868,0,
46581,S18,24,Hombre,derecha,2,0,auditory,5,,,,VP,1000.0,160.0,,,frecuente,0.3832189000022481,0,
46582,S18,24,Hombre,derecha,2,0,auditory,6,,,,EXP,1600.0,160.0,,,frecuente,0.5054893999986234,1,
46583,S18,24,Hombre,derecha,2,0,auditory,7,,,,EXP,1600.0,160.0,,,raro,1.4637277999972866,0,
46584,S18,24,Hombre,derecha,2,1,visual,0,EXP,0.0,135.0,,,,,,frecuente,0.8393737000005785,1,
46585,S18,24,Hombre,derecha,2,1,visual,1,EXP,90.0,45.0,,,,,,frecuente,0.7154172999980801,1,
46586,S18,24,Hombre,derecha,2,1,visual,2,EXP,0.0,135.0,,,,,,frecuente,1.5840831999994407,1,
46587,S18,24,Hombre,derecha,2,1,visual,3,VP,0.0,45.0,,,,,,raro,1.2295450999990862,1,
46588,S18,24,Hombre,derecha,2,1,visual,4,VP,0.0,45.0,,,,,,frecuente,1.356822400000965,0,
46589,S18,24,Hombre,derecha,2,1,visual,5,VP,90.0,135.0,,,,,,raro,0.6726217000032193,1,
46590,S18,24,Hombre,derecha,2,1,visual,6,VP,90.0,135.0,,,,,,raro,2.479425199999241,1,
46591,S18,24,Hombre,derecha,2,1,visual,7,EXP,90.0,45.0,,,,,,frecuente,0.4629592000019329,1,
47472,S19,20,Mujer,derecha,2,0,auditory,0,,,,VP,1000.0,160.0,,,frecuente,1.7953514000000723,0,
47473,S19,20,Mujer,derecha,2,0,auditory,1,,,,VP,1600.0,100.0,,,frecuente,0.534207100000458,0,
47474,S19,20,Mujer,derecha,2,0,auditory,2,,,,EXP,1000.0,100.0,,,frecuente,0.5965007000004334,1,
47475,S19,20,Mujer,derecha,2,0,auditory,3,,,,VP,1000.0,160.0,,,frecuente,0.6187217000006058,0,
47476,S19,20,Mujer,derecha,2,0,auditory,4,,,,VP,1600.0,100.0,,,frecuente,0.6999809999997524,0,
47477,S19,20,Mujer,derecha,2,0,auditory,5,,,,EXP,1600.0,160.0,,,raro,0.9135579000003418,0,
47478,S19,20,Mujer,derecha,2,0,auditory,6,,,,EXP,1600.0,160.0,,,frecuente,0.5374421000005896,1,
47479,S19,20,Mujer,derecha,2,0,auditory,7,,,,EXP,1000.0,100.0,,,frecuente,0.3920080999996571,1,
47480,S19,20,Mujer,derecha,2,1,visual,0,EXP,90.0,45.0,,,,,,raro,1.5698888000006264,0,
47481,S19,20,Mujer,derecha,2,1,visual,1,VP,90.0,135.0,,,,,,frecuente,1.2915901999995183,0,
47482,S19,20,Mujer,derecha,2,1,visual,2,EXP,0.0,135.0,,,,,,frecuente,0.4548385000007329,1,
47483,S19,20,Mujer,derecha,2,1,visual,3,EXP,90.0,45.0,,,,,,raro,0.2410408999994615,0,
47484,S19,20,Mujer,derecha,2,1,visual,4,VP,0.0,45.0,,,,,,frecuente,0.4992302000000563,0,
47485,S19,20,Mujer,derecha,2,1,visual,5,VP,0.0,45.0,,,,,,frecuente,0.5825356999994256,0,
47486,S19,20,Mujer,derecha,2,1,visual,6,VP,90.0,135.0,,,,,,frecuente,0.996199300000626,0,
47487,S19,20,Mujer,derecha,2,1,visual,7,EXP,0.0,135.0,,,,,,frecuente,0.3780175000001691,1,
48368,S20,22,Mujer,izquierda,2,0,visual,0,EXP,90.0,135.0,,,,,,raro,3.5561989000016183,0,
48369,S20,22,Mujer,izquierda,2,0,visual,1,VP,90.0,45.0,,,,,,frecuente,1.806810599999153,0,
48370,S20,22,Mujer,izquierda,2,0,visual,2,EXP,90.0,135.0,,,,,,frecuente,1.9347971999995928,1,
48371,S20,22,Mujer,izquierda,2,0,visual,3,EXP,0.0,45.0,,,,,,frecuente,1.1904185000021243,1,
48372,S20,22,Mujer,izquierda,2,0,visual,4,EXP,0.0,45.0,,,,,,frecuente,0.4401431000005686,1,
48373,S20,22,Mujer,izquierda,2,0,visual,5,VP,90.0,45.0,,,,,,raro,1.152430000001914,1,
48374,S20,22,Mujer,izquierda,2,0,visual,6,VP,0.0,135.0,,,,,,frecuente,0.5694345000010799,0,
48375,S20,22,Mujer,izquierda,2,0,visual,7,VP,0.0,135.0,,,,,,frecuente,1.1826710000023013,0,
48376,S20,22,Mujer,izquierda,2,1,auditory,0,,,,EXP,1000.0,100.0,,,frecuente,2.2033587000005355,1,
48377,S20,22,Mujer,izquierda,2,1,auditory,1,,,,VP,1000.0,160.0,,,frecuente,2.710144200002105,0,
48378,S20,22,Mujer,izquierda,2,1,auditory,2,,,,EXP,1600.0,160.0,,,raro,1.355212099999335,0,
48379,S20,22,Mujer,izquierda,2,1,auditory,3,,,,EXP,1000.0,100.0,,,frecuente,0.6063159000004816,1,
48380,S20,22,Mujer,izquierda,2,1,auditory,4,,,,VP,1000.0,160.0,,,raro,1.0474918999971123,1,
48381,S20,22,Mujer,izquierda,2,1,auditory,5,,,,VP,1600.0,100.0,,,frecuente,0.8962877999983903,0,
48382,S20,22,Mujer,izquierda,2,1,auditory,6,,,,EXP,1600.0,160.0,,,raro,1.8237451999993937,0,
48383,S20,22,Mujer,izquierda,2,1,auditory,7,,,,VP,1600.0,100.0,,,frecuente,1.1515847000009671,0,
49264,S21,21,Mujer,derecha,2,0,auditory,0,,,,VP,1600.0,160.0,,,frecuente,4.74658669999917,0,
49265,S21,21,Mujer,derecha,2,0,auditory,1,,,,EXP,1000.0,160.0,,,frecuente,5.273701900005108,1,
49266,S21,21,Mujer,derecha,2,0,auditory,2,,,,VP,1600.0,160.0,,,frecuente,3.6209318000037456,0,
49267,S21,21,Mujer,derecha,2,0,auditory,3,,,,EXP,1000.0,160.0,,,frecuente,0.5488552000024356,1,
49268,S21,21,Mujer,derecha,2,0,auditory,4,,,,EXP,1600.0,100.0,,,frecuente,0.4945439000002807,1,
49269,S21,21,Mujer,derecha,2,0,auditory,5,,,,VP,1000.0,100.0,,,raro,2.507095399996615,1,
49270,S21,21,Mujer,derecha,2,0,auditory,6,,,,VP,1000.0,100.0,,,frecuente,0.5695299999933923,0,
49271,S21,21,Mujer,derecha,2,0,auditory,7,,,,EXP,1600.0,100.0,,,frecuente,1.6715565999911632,1,
49272,S21,21,Mujer,derecha,2,1,visual,0,EXP,0.0,135.0,,,,,,frecuente,2.940359799991711,1,
49273,S21,21,Mujer,derecha,2,1,visual,1,VP,0.0,45.0,,,,,,frecuente,0.3858791999955429,0,
49274,S21,21,Mujer,derecha,2,1,visual,2,VP,90.0,135.0,,,,,,raro,0.6838683999958448,1,
49275,S21,21,Mujer,derecha,2,1,visual,3,EXP,0.0,135.0,,,,,,raro,0.913910200004466,0,
49276,S21,21,Mujer,derecha,2,1,visual,4,VP,90.0,135.0,,,,,,frecuente,0.415102900005877,0,
49277,S21,21,Mujer,derecha,2,1,visual,5,VP,0.0,45.0,,,,,,frecuente,1.9370851999992733,0,
49278,S21,21,Mujer,derecha,2,1,visual,6,EXP,90.0,45.0,,,,,,raro,1.353905300013139,0,
49279,S21,21,Mujer,derecha,2,1,visual,7,EXP,90.0,45.0,,,,,,frecuente,1.3006470999971498,1,
50160,S22,18,Mujer,derecha,2,0,auditory,0,,,,EXP,1000.0,160.0,,,frecuente,3.2540258000371978,1,
50161,S22,18,Mujer,derecha,2,0,auditory,1,,,,VP,1600.0,160.0,,,frecuente,0.4693627000087872,0,
50162,S22,18,Mujer,derecha,2,0,auditory,2,,,,EXP,1000.0,160.0,,,frecuente,0.3950579999946058,1,
50163,S22,18,Mujer,derecha,2,0,auditory,3,,,,EXP,1600.0,100.0,,,frecuente,0.3853322999784723,1,
50164,S22,18,Mujer,derecha,2,0,auditory,4,,,,EXP,1600.0,100.0,,,frecuente,0.4002323999302462,1,
50165,S22,18,Mujer,derecha,2,0,auditory,5,,,,VP,1600.0,160.0,,,frecuente,0.3083499000640586,0,
50166,S22,18,Mujer,derecha,2,0,auditory,6,,,,VP,1000.0,100.0,,,raro,0.5527045000344515,1,
50167,S22,18,Mujer,derecha,2,0,auditory,7,,,,VP,1000.0,100.0,,,frecuente,0.3396186999743804,0,
50168,S22,18,Mujer,derecha,2,1,visual,0,VP,90.0,45.0,,,,,,raro,1.0372405999805778,1,
50169,S22,18,Mujer,derecha,2,1,visual,1,VP,90.0,45.0,,,,,,frecuente,0.2473364999750629,0,
50170,S22,18,Mujer,derecha,2,1,visual,2,EXP,0.0,45.0,,,,,,frecuente,0.1602332999464124,1,
50171,S22,18,Mujer,derecha,2,1,visual,3,EXP,90.0,135.0,,,,,,frecuente,2.8933903999859467,1,
50172,S22,18,Mujer,derecha,2,1,visual,4,EXP,0.0,45.0,,,,,,frecuente,0.207438200013712,1,
50173,S22,18,Mujer,derecha,2,1,visual,5,VP,0.0,135.0,,,,,,frecuente,0.4009021000238135,0,
50174,S22,18,Mujer,derecha,2,1,visual,6,EXP,90.0,135.0,,,,,,frecuente,0.1778445999370888,1,
50175,S22,18,Mujer,derecha,2,1,visual,7,VP,0.0,135.0,,,,,,frecuente,0.127521299989894,0,
51056,S23,22,Mujer,derecha,2,0,auditory,0,,,,EXP,1600.0,100.0,,,frecuente,5.009019100049045,1,
51057,S23,22,Mujer,derecha,2,0,auditory,1,,,,VP,1600.0,160.0,,,frecuente,0.6124552999972366,0,
51058,S23,22,Mujer,derecha,2,0,auditory,2,,,,VP,1000.0,100.0,,,frecuente,0.3130821000086143,0,
51059,S23,22,Mujer,derecha,2,0,auditory,3,,,,VP,1600.0,160.0,,,frecuente,0.4524638999719172,0,
51060,S23,22,Mujer,derecha,2,0,auditory,4,,,,EXP,1600.0,100.0,,,frecuente,0.8925380000146106,1,
51061,S23,22,Mujer,derecha,2,0,auditory,5,,,,EXP,1000.0,160.0,,,frecuente,0.3846057999762706,1,
51062,S23,22,Mujer,derecha,2,0,auditory,6,,,,EXP,1000.0,160.0,,,frecuente,0.3166136000072583,1,
51063,S23,22,Mujer,derecha,2,0,auditory,7,,,,VP,1000.0,100.0,,,frecuente,1.7946837000199594,0,
51064,S23,22,Mujer,derecha,2,1,visual,0,VP,90.0,45.0,,,,,,frecuente,1.7229417999624277,0,
51065,S23,22,Mujer,derecha,2,1,visual,1,EXP,90.0,135.0,,,,,,frecuente,0.9230087000178172,1,
51066,S23,22,Mujer,derecha,2,1,visual,2,VP,0.0,135.0,,,,,,frecuente,0.3571211999515071,0,
51067,S23,22,Mujer,derecha,2,1,visual,3,EXP,90.0,135.0,,,,,,frecuente,0.2758155000046827,1,
51068,S23,22,Mujer,derecha,2,1,visual,4,EXP,0.0,45.0,,,,,,frecuente,0.2184599000029266,1,
51069,S23,22,Mujer,derecha,2,1,visual,5,VP,0.0,135.0,,,,,,frecuente,0.0424410999985411,0,
51070,S23,22,Mujer,derecha,2,1,visual,6,VP,90.0,45.0,,,,,,raro,1.701203599979635,1,
51071,S23,22,Mujer,derecha,2,1,visual,7,EXP,0.0,45.0,,,,,,frecuente,0.3498900000122376,1,
51952,S24,20,Mujer,derecha,2,0,visual,0,EXP,0.0,135.0,,,,,,frecuente,5.291760900000554,1,
51953,S24,20,Mujer,derecha,2,0,visual,1,EXP,90.0,45.0,,,,,,frecuente,0.18163530000038,1,
51954,S24,20,Mujer,derecha,2,0,visual,2,VP,0.0,45.0,,,,,,frecuente,0.0978534000005311,0,
51955,S24,20,Mujer,derecha,2,0,visual,3,EXP,0.0,135.0,,,,,,raro,2.2552207999997336,0,
51956,S24,20,Mujer,derecha,2,0,visual,4,VP,90.0,135.0,,,,,,frecuente,0.3397713000003932,0,
51957,S24,20,Mujer,derecha,2,0,visual,5,VP,90.0,135.0,,,,,,frecuente,0.128921900000023,0,
51958,S24,20,Mujer,derecha,2,0,visual,6,VP,0.0,45.0,,,,,,frecuente,0.0239639999999781,0,
51959,S24,20,Mujer,derecha,2,0,visual,7,EXP,90.0,45.0,,,,,,frecuente,0.0484925999999177,1,
51960,S24,20,Mujer,derecha,2,1,auditory,0,,,,VP,1000.0,100.0,,,frecuente,2.210746499999914,0,
51961,S24,20,Mujer,derecha,2,1,auditory,1,,,,EXP,1000.0,160.0,,,frecuente,0.3340206000002581,1,
51962,S24,20,Mujer,derecha,2,1,auditory,2,,,,EXP,1600.0,100.0,,,frecuente,0.4392416000000594,1,
51963,S24,20,Mujer,derecha,2,1,auditory,3,,,,EXP,1600.0,100.0,,,frecuente,0.423922400000265,1,
51964,S24,20,Mujer,derecha,2,1,auditory,4,,,,VP,1000.0,100.0,,,frecuente,1.2405557000001863,0,
51965,S24,20,Mujer,derecha,2,1,auditory,5,,,,VP,1600.0,160.0,,,raro,0.4836146999996344,1,
51966,S24,20,Mujer,derecha,2,1,auditory,6,,,,VP,1600.0,160.0,,,frecuente,1.356509900000674,0,
51967,S24,20,Mujer,derecha,2,1,auditory,7,,,,EXP,1000.0,160.0,,,raro,0.489075700000285,0,
52848,S25,18,Mujer,izquierda,2,0,visual,0,EXP,90.0,45.0,,,,,,frecuente,2.632129799996619,1,
52849,S25,18,Mujer,izquierda,2,0,visual,1,VP,0.0,45.0,,,,,,frecuente,0.7316047000058461,0,
52850,S25,18,Mujer,izquierda,2,0,visual,2,VP,90.0,135.0,,,,,,frecuente,0.5540730000066105,0,
52851,S25,18,Mujer,izquierda,2,0,visual,3,EXP,0.0,135.0,,,,,,frecuente,1.1807857999956468,1,
52852,S25,18,Mujer,izquierda,2,0,visual,4,EXP,90.0,45.0,,,,,,frecuente,0.5924287999951048,1,
52853,S25,18,Mujer,izquierda,2,0,visual,5,VP,0.0,45.0,,,,,,frecuente,0.3384378999908222,0,
52854,S25,18,Mujer,izquierda,2,0,visual,6,VP,90.0,135.0,,,,,,raro,0.6360347000008915,1,
52855,S25,18,Mujer,izquierda,2,0,visual,7,EXP,0.0,135.0,,,,,,raro,0.4992598999961046,0,
52856,S25,18,Mujer,izquierda,2,1,auditory,0,,,,VP,1600.0,100.0,,,frecuente,4.415079500002321,0,
52857,S25,18,Mujer,izquierda,2,1,auditory,1,,,,VP,1000.0,160.0,,,raro,0.6217012999986764,1,
52858,S25,18,Mujer,izquierda,2,1,auditory,2,,,,VP,1600.0,100.0,,,frecuente,0.8496320999984164,0,
52859,S25,18,Mujer,izquierda,2,1,auditory,3,,,,EXP,1600.0,160.0,,,frecuente,1.0541700000030687,1,
52860,S25,18,Mujer,izquierda,2,1,auditory,4,,,,EXP,1600.0,160.0,,,frecuente,0.4035517999873264,1,
52861,S25,18,Mujer,izquierda,2,1,auditory,5,,,,EXP,1000.0,100.0,,,frecuente,0.6137639999942621,1,
52862,S25,18,Mujer,izquierda,2,1,auditory,6,,,,EXP,1000.0,100.0,,,frecuente,0.6036802000016905,1,
52863,S25,18,Mujer,izquierda,2,1,auditory,7,,,,VP,1000.0,160.0,,,raro,1.1286648000095738,1,
53744,S26,19,Mujer,derecha,2,0,visual,0,EXP,90.0,45.0,,,,,,frecuente,3.134683300042525,1,
53745,S26,19,Mujer,derecha,2,0,visual,1,VP,90.0,135.0,,,,,,raro,0.1846713999984786,1,
53746,S26,19,Mujer,derecha,2,0,visual,2,VP,0.0,45.0,,,,,,raro,0.7999045000178739,1,
53747,S26,19,Mujer,derecha,2,0,visual,3,EXP,0.0,135.0,,,,,,raro,0.985121000034269,0,
53748,S26,19,Mujer,derecha,2,0,visual,4,VP,90.0,135.0,,,,,,raro,0.3223549000103958,1,
53749,S26,19,Mujer,derecha,2,0,visual,5,VP,0.0,45.0,,,,,,frecuente,1.000487899989821,0,
53750,S26,19,Mujer,derecha,2,0,visual,6,EXP,90.0,45.0,,,,,,raro,1.4211089999880642,0,
53751,S26,19,Mujer,derecha,2,0,visual,7,EXP,0.0,135.0,,,,,,frecuente,0.5563066999893636,1,
53752,S26,19,Mujer,derecha,2,1,auditory,0,,,,VP,1000.0,100.0,,,frecuente,0.8639204000355676,0,
53753,S26,19,Mujer,derecha,2,1,auditory,1,,,,EXP,1600.0,100.0,,,raro,0.6454325999948196,0,
53754,S26,19,Mujer,derecha,2,1,auditory,2,,,,EXP,1000.0,160.0,,,raro,0.4874811999616213,0,
53755,S26,19,Mujer,derecha,2,1,auditory,3,,,,EXP,1000.0,160.0,,,frecuente,0.7087159000220709,1,
53756,S26,19,Mujer,derecha,2,1,auditory,4,,,,VP,1600.0,160.0,,,raro,1.6812173000071198,1,
53757,S26,19,Mujer,derecha,2,1,auditory,5,,,,VP,1600.0,160.0,,,raro,1.4497464000014588,1,
53758,S26,19,Mujer,derecha,2,1,auditory,6,,,,EXP,1600.0,100.0,,,frecuente,0.6765130999847315,1,
53759,S26,19,Mujer,derecha,2,1,auditory,7,,,,VP,1000.0,100.0,,,raro,1.5378985999850556,1,
54640,S27,19,Hombre,derecha,2,0,auditory,0,,,,EXP,1000.0,160.0,,,frecuente,4.627005600137636,1,
54641,S27,19,Hombre,derecha,2,0,auditory,1,,,,EXP,1600.0,100.0,,,frecuente,1.1427048000041395,1,
54642,S27,19,Hombre,derecha,2,0,auditory,2,,,,EXP,1000.0,160.0,,,frecuente,2.674010599963367,1,
54643,S27,19,Hombre,derecha,2,0,auditory,3,,,,EXP,1600.0,100.0,,,raro,2.8997682000044733,0,
54644,S27,19,Hombre,derecha,2,0,auditory,4,,,,VP,1600.0,160.0,,,frecuente,3.758108000038192,0,
54645,S27,19,Hombre,derecha,2,0,auditory,5,,,,VP,1600.0,160.0,,,frecuente,1.6345929999370128,0,
54646,S27,19,Hombre,derecha,2,0,auditory,6,,,,VP,1000.0,100.0,,,frecuente,0.9613488998729736,0,
54647,S27,19,Hombre,derecha,2,0,auditory,7,,,,VP,1000.0,100.0,,,frecuente,0.5973565001040697,0,
54648,S27,19,Hombre,derecha,2,1,visual,0,EXP,90.0,135.0,,,,,,frecuente,1.5243012998253107,1,
54649,S27,19,Hombre,derecha,2,1,visual,1,VP,90.0,45.0,,,,,,raro,0.943393199937418,1,
54650,S27,19,Hombre,derecha,2,1,visual,2,EXP,0.0,45.0,,,,,,raro,0.7526638000272214,0,
54651,S27,19,Hombre,derecha,2,1,visual,3,VP,0.0,135.0,,,,,,frecuente,0.3316861998755485,0,
54652,S27,19,Hombre,derecha,2,1,visual,4,VP,90.0,45.0,,,,,,raro,1.2863760001491755,1,
54653,S27,19,Hombre,derecha,2,1,visual,5,EXP,0.0,45.0,,,,,,raro,0.8603624000679702,0,
54654,S27,19,Hombre,derecha,2,1,visual,6,EXP,90.0,135.0,,,,,,frecuente,1.504582199966535,1,
54655,S27,19,Hombre,derecha,2,1,visual,7,VP,0.0,135.0,,,,,,frecuente,0.8197841998189688,0,
55536,S28,18,Mujer,derecha,2,0,auditory,0,,,,EXP,1600.0,160.0,,,frecuente,4.213375399999677,1,
55537,S28,18,Mujer,derecha,2,0,auditory,1,,,,VP,1000.0,160.0,,,frecuente,0.4788239999998041,0,
55538,S28,18,Mujer,derecha,2,0,auditory,2,,,,VP,1600.0,100.0,,,frecuente,0.5375225000007049,0,
55539,S28,18,Mujer,derecha,2,0,auditory,3,,,,EXP,1000.0,100.0,,,frecuente,0.8110022999999273,1,
55540,S28,18,Mujer,derecha,2,0,auditory,4,,,,EXP,1000.0,100.0,,,frecuente,0.7197666000001846,1,
55541,S28,18,Mujer,derecha,2,0,auditory,5,,,,EXP,1600.0,160.0,,,frecuente,0.6470444000005955,1,
55542,S28,18,Mujer,derecha,2,0,auditory,6,,,,VP,1600.0,100.0,,,frecuente,0.4574201999994329,0,
55543,S28,18,Mujer,derecha,2,0,auditory,7,,,,VP,1000.0,160.0,,,raro,1.315335999999661,1,
55544,S28,18,Mujer,derecha,2,1,visual,0,EXP,90.0,45.0,,,,,,frecuente,0.8876034000004438,1,
55545,S28,18,Mujer,derecha,2,1,visual,1,VP,90.0,135.0,,,,,,frecuente,0.3626694000004136,0,
55546,S28,18,Mujer,derecha,2,1,visual,2,VP,90.0,135.0,,,,,,frecuente,0.4771049000000857,0,
55547,S28,18,Mujer,derecha,2,1,visual,3,VP,0.0,45.0,,,,,,frecuente,0.3136684999999488,0,
55548,S28,18,Mujer,derecha,2,1,visual,4,EXP,90.0,45.0,,,,,,frecuente,0.3784517999993113,1,
55549,S28,18,Mujer,derecha,2,1,visual,5,EXP,0.0,135.0,,,,,,frecuente,0.2596822999994401,1,
55550,S28,18,Mujer,derecha,2,1,visual,6,EXP,0.0,135.0,,,,,,frecuente,0.9606631000006018,1,
55551,S28,18,Mujer,derecha,2,1,visual,7,VP,0.0,45.0,,,,,,frecuente,0.5206349999998565,0,
56432,S29,29,Mujer,derecha,2,0,auditory,0,,,,EXP,1000.0,160.0,,,frecuente,4.194259899999452,1,
56433,S29,29,Mujer,derecha,2,0,auditory,1,,,,VP,1000.0,100.0,,,frecuente,0.9920741999994788,0,
56434,S29,29,Mujer,derecha,2,0,auditory,2,,,,EXP,1000.0,160.0,,,frecuente,0.7463041000000885,1,
56435,S29,29,Mujer,derecha,2,0,auditory,3,,,,VP,1000.0,100.0,,,frecuente,0.9245240000000194,0,
56436,S29,29,Mujer,derecha,2,0,auditory,4,,,,VP,1600.0,160.0,,,raro,1.0746226000001116,1,
56437,S29,29,Mujer,derecha,2,0,auditory,5,,,,EXP,1600.0,100.0,,,frecuente,1.535436000000118,1,
56438,S29,29,Mujer,derecha,2,0,auditory,6,,,,EXP,1600.0,100.0,,,frecuente,0.8183198999995511,1,
56439,S29,29,Mujer,derecha,2,0,auditory,7,,,,VP,1600.0,160.0,,,frecuente,1.6820220999998128,0,
56440,S29,29,Mujer,derecha,2,1,visual,0,VP,0.0,45.0,,,,,,frecuente,3.782944200000202,0,
56441,S29,29,Mujer,derecha,2,1,visual,1,EXP,90.0,45.0,,,,,,frecuente,0.943438199999946,1,
56442,S29,29,Mujer,derecha,2,1,visual,2,EXP,90.0,45.0,,,,,,frecuente,0.7314667000000554,1,
56443,S29,29,Mujer,derecha,2,1,visual,3,VP,90.0,135.0,,,,,,frecuente,0.9169605000006412,0,
56444,S29,29,Mujer,derecha,2,1,visual,4,VP,0.0,45.0,,,,,,raro,0.9481688000005306,1,
56445,S29,29,Mujer,derecha,2,1,visual,5,EXP,0.0,135.0,,,,,,frecuente,1.0450424999999086,1,
56446,S29,29,Mujer,derecha,2,1,visual,6,VP,90.0,135.0,,,,,,raro,2.6040070999997624,1,
56447,S29,29,Mujer,derecha,2,1,visual,7,EXP,0.0,135.0,,,,,,frecuente,0.8127146999995603,1,
57328,S30,19,Mujer,derecha,2,0,auditory,0,,,,VP,1600.0,100.0,,,raro,8.310122800001409,1,
57329,S30,19,Mujer,derecha,2,0,auditory,1,,,,EXP,1000.0,100.0,,,raro,2.3390513000013016,0,
57330,S30,19,Mujer,derecha,2,0,auditory,2,,,,EXP,1000.0,100.0,,,frecuente,0.7519401999998081,1,
57331,S30,19,Mujer,derecha,2,0,auditory,3,,,,EXP,1600.0,160.0,,,frecuente,0.9418193999990764,1,
57332,S30,19,Mujer,derecha,2,0,auditory,4,,,,VP,1000.0,160.0,,,frecuente,0.7620142000014312,0,
57333,S30,19,Mujer,derecha,2,0,auditory,5,,,,EXP,1600.0,160.0,,,raro,1.734569299998839,0,
57334,S30,19,Mujer,derecha,2,0,auditory,6,,,,VP,1000.0,160.0,,,raro,0.5006773999994039,1,
57335,S30,19,Mujer,derecha,2,0,auditory,7,,,,VP,1600.0,100.0,,,raro,3.362894899997628,1,
57336,S30,19,Mujer,derecha,2,1,visual,0,EXP,90.0,45.0,,,,,,frecuente,0.7221876000003249,1,
57337,S30,19,Mujer,derecha,2,1,visual,1,VP,0.0,45.0,,,,,,frecuente,0.728499600001669,0,
57338,S30,19,Mujer,derecha,2,1,visual,2,VP,90.0,135.0,,,,,,frecuente,1.1250958000018727,0,
57339,S30,19,Mujer,derecha,2,1,visual,3,EXP,0.0,135.0,,,,,,raro,0.7414223999985552,0,
57340,S30,19,Mujer,derecha,2,1,visual,4,EXP,0.0,135.0,,,,,,raro,1.4471411000013177,0,
57341,S30,19,Mujer,derecha,2,1,visual,5,VP,90.0,135.0,,,,,,raro,0.2396015000012994,1,
57342,S30,19,Mujer,derecha,2,1,visual,6,VP,0.0,45.0,,,,,,frecuente,1.2336719000013543,0,
57343,S30,19,Mujer,derecha,2,1,visual,7,EXP,90.0,45.0,,,,,,raro,1.6229432000000088,0,
58224,S31,20,Hombre,derecha,2,0,visual,0,EXP,0.0,135.0,,,,,,frecuente,3.6563149000285193,1,
58225,S31,20,Hombre,derecha,2,0,visual,1,EXP,90.0,45.0,,,,,,raro,1.2337112000095658,0,
58226,S31,20,Hombre,derecha,2,0,visual,2,EXP,0.0,135.0,,,,,,frecuente,0.7782976999878883,1,
58227,S31,20,Hombre,derecha,2,0,visual,3,EXP,90.0,45.0,,,,,,frecuente,0.9934547999873756,1,
58228,S31,20,Hombre,derecha,2,0,visual,4,VP,0.0,45.0,,,,,,frecuente,0.8678386000101455,0,
58229,S31,20,Hombre,derecha,2,0,visual,5,VP,90.0,135.0,,,,,,frecuente,0.7610297999926843,0,
58230,S31,20,Hombre,derecha,2,0,visual,6,VP,0.0,45.0,,,,,,raro,1.7946822000085376,1,
58231,S31,20,Hombre,derecha,2,0,visual,7,VP,90.0,135.0,,,,,,frecuente,0.3565139999845996,0,
58232,S31,20,Hombre,derecha,2,1,auditory,0,,,,VP,1000.0,100.0,,,frecuente,0.99469159997534,0,
58233,S31,20,Hombre,derecha,2,1,auditory,1,,,,VP,1600.0,160.0,,,frecuente,0.5846741999848746,0,
58234,S31,20,Hombre,derecha,2,1,auditory,2,,,,EXP,1600.0,100.0,,,frecuente,0.3797931000008248,1,
58235,S31,20,Hombre,derecha,2,1,auditory,3,,,,VP,1000.0,100.0,,,frecuente,0.9801436000270768,0,
58236,S31,20,Hombre,derecha,2,1,auditory,4,,,,EXP,1600.0,100.0,,,frecuente,0.4308414999977685,1,
58237,S31,20,Hombre,derecha,2,1,auditory,5,,,,EXP,1000.0,160.0,,,frecuente,1.4385320999426767,1,
58238,S31,20,Hombre,derecha,2,1,auditory,6,,,,VP,1600.0,160.0,,,frecuente,0.3569838000112213,0,
58239,S31,20,Hombre,derecha,2,1,auditory,7,,,,EXP,1000.0,160.0,,,frecuente,0.5410828000167385,1,
